id,date,minutes_with_hr,hours_worn
1eJjxpj6WiCJ4FUdaWCw,2025-02-26,1289,21.48
1eJjxpj6WiCJ4FUdaWCw,2025-02-27,1440,24.0
1eJjxpj6WiCJ4FUdaWCw,2025-02-28,1437,23.95
1eJjxpj6WiCJ4FUdaWCw,2025-03-01,1439,23.98
1eJjxpj6WiCJ4FUdaWCw,2025-03-02,1332,22.2
1eJjxpj6WiCJ4FUdaWCw,2025-03-03,1440,24.0
1eJjxpj6WiCJ4FUdaWCw,2025-03-04,1430,23.83
1eJjxpj6WiCJ4FUdaWCw,2025-03-05,1325,22.08
1eJjxpj6WiCJ4FUdaWCw,2025-03-06,1439,23.98
1eJjxpj6WiCJ4FUdaWCw,2025-03-07,1432,23.87
1eJjxpj6WiCJ4FUdaWCw,2025-03-08,1440,24.0
1eJjxpj6WiCJ4FUdaWCw,2025-03-09,1380,23.0
1eJjxpj6WiCJ4FUdaWCw,2025-03-10,1438,23.97
1eJjxpj6WiCJ4FUdaWCw,2025-03-11,1433,23.88
1eJjxpj6WiCJ4FUdaWCw,2025-03-12,1341,22.35
1eJjxpj6WiCJ4FUdaWCw,2025-03-13,1369,22.82
1eJjxpj6WiCJ4FUdaWCw,2025-03-14,1438,23.97
1eJjxpj6WiCJ4FUdaWCw,2025-03-15,1440,24.0
1eJjxpj6WiCJ4FUdaWCw,2025-03-16,1438,23.97
1eJjxpj6WiCJ4FUdaWCw,2025-03-17,1440,24.0
1eJjxpj6WiCJ4FUdaWCw,2025-03-18,1439,23.98
1eJjxpj6WiCJ4FUdaWCw,2025-03-19,1439,23.98
1eJjxpj6WiCJ4FUdaWCw,2025-03-20,1407,23.45
1eJjxpj6WiCJ4FUdaWCw,2025-03-21,1440,24.0
1eJjxpj6WiCJ4FUdaWCw,2025-03-22,1440,24.0
1eJjxpj6WiCJ4FUdaWCw,2025-03-23,1435,23.92
1eJjxpj6WiCJ4FUdaWCw,2025-03-24,1263,21.05
1eJjxpj6WiCJ4FUdaWCw,2025-03-25,1438,23.97
1eJjxpj6WiCJ4FUdaWCw,2025-03-26,1439,23.98
1eJjxpj6WiCJ4FUdaWCw,2025-03-27,1440,24.0
1eJjxpj6WiCJ4FUdaWCw,2025-03-28,1435,23.92
1eJjxpj6WiCJ4FUdaWCw,2025-03-29,1440,24.0
1eJjxpj6WiCJ4FUdaWCw,2025-03-30,1436,23.93
1eJjxpj6WiCJ4FUdaWCw,2025-03-31,1439,23.98
1eJjxpj6WiCJ4FUdaWCw,2025-04-01,1249,20.82
1eJjxpj6WiCJ4FUdaWCw,2025-04-02,1433,23.88
1eJjxpj6WiCJ4FUdaWCw,2025-04-03,1436,23.93
1eJjxpj6WiCJ4FUdaWCw,2025-04-04,1426,23.77
1eJjxpj6WiCJ4FUdaWCw,2025-04-05,1425,23.75
1eJjxpj6WiCJ4FUdaWCw,2025-04-06,1435,23.92
1eJjxpj6WiCJ4FUdaWCw,2025-04-07,1259,20.98
1eJjxpj6WiCJ4FUdaWCw,2025-04-08,1432,23.87
1eJjxpj6WiCJ4FUdaWCw,2025-04-09,1434,23.9
1eJjxpj6WiCJ4FUdaWCw,2025-04-10,1417,23.62
1eJjxpj6WiCJ4FUdaWCw,2025-04-11,1440,24.0
1eJjxpj6WiCJ4FUdaWCw,2025-04-12,1440,24.0
1eJjxpj6WiCJ4FUdaWCw,2025-04-13,1438,23.97
1eJjxpj6WiCJ4FUdaWCw,2025-04-14,1373,22.88
1eJjxpj6WiCJ4FUdaWCw,2025-04-15,1439,23.98
1eJjxpj6WiCJ4FUdaWCw,2025-04-16,1429,23.82
1eJjxpj6WiCJ4FUdaWCw,2025-04-17,1440,24.0
1eJjxpj6WiCJ4FUdaWCw,2025-04-18,1280,21.33
1eJjxpj6WiCJ4FUdaWCw,2025-04-19,1440,24.0
1eJjxpj6WiCJ4FUdaWCw,2025-04-20,1438,23.97
1eJjxpj6WiCJ4FUdaWCw,2025-04-21,1436,23.93
1eJjxpj6WiCJ4FUdaWCw,2025-04-22,1439,23.98
1eJjxpj6WiCJ4FUdaWCw,2025-04-23,1209,20.15
1eJjxpj6WiCJ4FUdaWCw,2025-04-24,1440,24.0
1eJjxpj6WiCJ4FUdaWCw,2025-04-25,1431,23.85
1eJjxpj6WiCJ4FUdaWCw,2025-04-26,1440,24.0
1eJjxpj6WiCJ4FUdaWCw,2025-04-27,1439,23.98
1eJjxpj6WiCJ4FUdaWCw,2025-04-28,1440,24.0
1eJjxpj6WiCJ4FUdaWCw,2025-04-29,1063,17.72
1eJjxpj6WiCJ4FUdaWCw,2025-04-30,1440,24.0
2MhXEYkWOJLoUbTQ2oOe,2025-02-26,1390,23.17
2MhXEYkWOJLoUbTQ2oOe,2025-02-27,1396,23.27
2MhXEYkWOJLoUbTQ2oOe,2025-02-28,1373,22.88
2MhXEYkWOJLoUbTQ2oOe,2025-03-01,1365,22.75
2MhXEYkWOJLoUbTQ2oOe,2025-03-02,1422,23.7
2MhXEYkWOJLoUbTQ2oOe,2025-03-03,1388,23.13
2MhXEYkWOJLoUbTQ2oOe,2025-03-04,1368,22.8
2MhXEYkWOJLoUbTQ2oOe,2025-03-05,1406,23.43
2MhXEYkWOJLoUbTQ2oOe,2025-03-06,1423,23.72
2MhXEYkWOJLoUbTQ2oOe,2025-03-07,1295,21.58
2MhXEYkWOJLoUbTQ2oOe,2025-03-08,1396,23.27
2MhXEYkWOJLoUbTQ2oOe,2025-03-09,1290,21.5
2MhXEYkWOJLoUbTQ2oOe,2025-03-10,1328,22.13
2MhXEYkWOJLoUbTQ2oOe,2025-03-11,1421,23.68
2MhXEYkWOJLoUbTQ2oOe,2025-03-12,1364,22.73
2MhXEYkWOJLoUbTQ2oOe,2025-03-13,1404,23.4
2MhXEYkWOJLoUbTQ2oOe,2025-03-14,1312,21.87
2MhXEYkWOJLoUbTQ2oOe,2025-03-15,1420,23.67
2MhXEYkWOJLoUbTQ2oOe,2025-03-16,1421,23.68
2MhXEYkWOJLoUbTQ2oOe,2025-03-17,1309,21.82
2MhXEYkWOJLoUbTQ2oOe,2025-03-18,1404,23.4
2MhXEYkWOJLoUbTQ2oOe,2025-03-19,1361,22.68
2MhXEYkWOJLoUbTQ2oOe,2025-03-20,1402,23.37
2MhXEYkWOJLoUbTQ2oOe,2025-03-21,1427,23.78
2MhXEYkWOJLoUbTQ2oOe,2025-03-22,1046,17.43
2MhXEYkWOJLoUbTQ2oOe,2025-03-23,1377,22.95
2MhXEYkWOJLoUbTQ2oOe,2025-03-24,1406,23.43
2MhXEYkWOJLoUbTQ2oOe,2025-03-25,1395,23.25
2MhXEYkWOJLoUbTQ2oOe,2025-03-26,1370,22.83
2MhXEYkWOJLoUbTQ2oOe,2025-03-27,1389,23.15
2MhXEYkWOJLoUbTQ2oOe,2025-03-28,1367,22.78
2MhXEYkWOJLoUbTQ2oOe,2025-03-29,1440,24.0
2MhXEYkWOJLoUbTQ2oOe,2025-03-30,1349,22.48
2MhXEYkWOJLoUbTQ2oOe,2025-03-31,1377,22.95
2MhXEYkWOJLoUbTQ2oOe,2025-04-01,1197,19.95
2MhXEYkWOJLoUbTQ2oOe,2025-04-02,883,14.72
2MhXEYkWOJLoUbTQ2oOe,2025-04-03,1371,22.85
2MhXEYkWOJLoUbTQ2oOe,2025-04-04,1410,23.5
2MhXEYkWOJLoUbTQ2oOe,2025-04-05,1299,21.65
2MhXEYkWOJLoUbTQ2oOe,2025-04-06,1406,23.43
2MhXEYkWOJLoUbTQ2oOe,2025-04-07,1421,23.68
2MhXEYkWOJLoUbTQ2oOe,2025-04-08,1411,23.52
2MhXEYkWOJLoUbTQ2oOe,2025-04-09,1423,23.72
2MhXEYkWOJLoUbTQ2oOe,2025-04-10,1292,21.53
2MhXEYkWOJLoUbTQ2oOe,2025-04-11,1363,22.72
2MhXEYkWOJLoUbTQ2oOe,2025-04-12,1426,23.77
2MhXEYkWOJLoUbTQ2oOe,2025-04-13,1350,22.5
2MhXEYkWOJLoUbTQ2oOe,2025-04-14,1425,23.75
2MhXEYkWOJLoUbTQ2oOe,2025-04-15,819,13.65
2MhXEYkWOJLoUbTQ2oOe,2025-04-16,1408,23.47
2MhXEYkWOJLoUbTQ2oOe,2025-04-17,1373,22.88
2MhXEYkWOJLoUbTQ2oOe,2025-04-18,1350,22.5
2MhXEYkWOJLoUbTQ2oOe,2025-04-19,1440,24.0
2MhXEYkWOJLoUbTQ2oOe,2025-04-20,1308,21.8
2MhXEYkWOJLoUbTQ2oOe,2025-04-21,1377,22.95
2MhXEYkWOJLoUbTQ2oOe,2025-04-22,1428,23.8
2MhXEYkWOJLoUbTQ2oOe,2025-04-23,1406,23.43
2MhXEYkWOJLoUbTQ2oOe,2025-04-24,1354,22.57
2MhXEYkWOJLoUbTQ2oOe,2025-04-25,1396,23.27
2MhXEYkWOJLoUbTQ2oOe,2025-04-26,1403,23.38
2MhXEYkWOJLoUbTQ2oOe,2025-04-27,1393,23.22
2MhXEYkWOJLoUbTQ2oOe,2025-04-28,1336,22.27
2MhXEYkWOJLoUbTQ2oOe,2025-04-29,1359,22.65
2MhXEYkWOJLoUbTQ2oOe,2025-04-30,1410,23.5
6kVHCR22SGLsK4YC0YeM,2025-02-26,1440,24.0
6kVHCR22SGLsK4YC0YeM,2025-02-27,1440,24.0
6kVHCR22SGLsK4YC0YeM,2025-02-28,1383,23.05
6kVHCR22SGLsK4YC0YeM,2025-03-01,1398,23.3
6kVHCR22SGLsK4YC0YeM,2025-03-02,1440,24.0
6kVHCR22SGLsK4YC0YeM,2025-03-03,1440,24.0
6kVHCR22SGLsK4YC0YeM,2025-03-04,1440,24.0
6kVHCR22SGLsK4YC0YeM,2025-03-05,1423,23.72
6kVHCR22SGLsK4YC0YeM,2025-03-06,1440,24.0
6kVHCR22SGLsK4YC0YeM,2025-03-07,1440,24.0
6kVHCR22SGLsK4YC0YeM,2025-03-08,1440,24.0
6kVHCR22SGLsK4YC0YeM,2025-03-09,1380,23.0
6kVHCR22SGLsK4YC0YeM,2025-03-10,1288,21.47
6kVHCR22SGLsK4YC0YeM,2025-03-11,911,15.18
6kVHCR22SGLsK4YC0YeM,2025-03-12,1439,23.98
6kVHCR22SGLsK4YC0YeM,2025-03-13,1440,24.0
6kVHCR22SGLsK4YC0YeM,2025-03-14,1440,24.0
6kVHCR22SGLsK4YC0YeM,2025-03-15,1430,23.83
6kVHCR22SGLsK4YC0YeM,2025-03-16,1421,23.68
6kVHCR22SGLsK4YC0YeM,2025-03-17,1440,24.0
6kVHCR22SGLsK4YC0YeM,2025-03-18,1439,23.98
6kVHCR22SGLsK4YC0YeM,2025-03-19,1440,24.0
6kVHCR22SGLsK4YC0YeM,2025-03-20,1440,24.0
6kVHCR22SGLsK4YC0YeM,2025-03-21,1290,21.5
6kVHCR22SGLsK4YC0YeM,2025-03-22,1440,24.0
6kVHCR22SGLsK4YC0YeM,2025-03-23,1440,24.0
6kVHCR22SGLsK4YC0YeM,2025-03-24,1440,24.0
6kVHCR22SGLsK4YC0YeM,2025-03-25,1440,24.0
6kVHCR22SGLsK4YC0YeM,2025-03-26,1415,23.58
6kVHCR22SGLsK4YC0YeM,2025-03-27,1440,24.0
6kVHCR22SGLsK4YC0YeM,2025-03-28,1440,24.0
6kVHCR22SGLsK4YC0YeM,2025-03-29,1440,24.0
6kVHCR22SGLsK4YC0YeM,2025-03-30,1440,24.0
6kVHCR22SGLsK4YC0YeM,2025-03-31,1304,21.73
6kVHCR22SGLsK4YC0YeM,2025-04-01,1439,23.98
6kVHCR22SGLsK4YC0YeM,2025-04-02,1440,24.0
6kVHCR22SGLsK4YC0YeM,2025-04-03,1440,24.0
6kVHCR22SGLsK4YC0YeM,2025-04-04,1440,24.0
6kVHCR22SGLsK4YC0YeM,2025-04-05,1421,23.68
6kVHCR22SGLsK4YC0YeM,2025-04-06,1428,23.8
6kVHCR22SGLsK4YC0YeM,2025-04-07,1440,24.0
6kVHCR22SGLsK4YC0YeM,2025-04-08,1440,24.0
6kVHCR22SGLsK4YC0YeM,2025-04-09,1440,24.0
6kVHCR22SGLsK4YC0YeM,2025-04-10,1274,21.23
6kVHCR22SGLsK4YC0YeM,2025-04-11,1440,24.0
6kVHCR22SGLsK4YC0YeM,2025-04-12,1423,23.72
6kVHCR22SGLsK4YC0YeM,2025-04-13,1440,24.0
6kVHCR22SGLsK4YC0YeM,2025-04-14,1440,24.0
6kVHCR22SGLsK4YC0YeM,2025-04-15,1440,24.0
6kVHCR22SGLsK4YC0YeM,2025-04-16,1419,23.65
6kVHCR22SGLsK4YC0YeM,2025-04-17,1440,24.0
6kVHCR22SGLsK4YC0YeM,2025-04-18,1440,24.0
6kVHCR22SGLsK4YC0YeM,2025-04-19,1440,24.0
6kVHCR22SGLsK4YC0YeM,2025-04-20,1297,21.62
6kVHCR22SGLsK4YC0YeM,2025-04-21,958,15.97
6kVHCR22SGLsK4YC0YeM,2025-04-22,1440,24.0
6kVHCR22SGLsK4YC0YeM,2025-04-23,1440,24.0
6kVHCR22SGLsK4YC0YeM,2025-04-24,1440,24.0
6kVHCR22SGLsK4YC0YeM,2025-04-25,1440,24.0
6kVHCR22SGLsK4YC0YeM,2025-04-26,1440,24.0
6kVHCR22SGLsK4YC0YeM,2025-04-27,1440,24.0
6kVHCR22SGLsK4YC0YeM,2025-04-28,1439,23.98
6kVHCR22SGLsK4YC0YeM,2025-04-29,1429,23.82
6kVHCR22SGLsK4YC0YeM,2025-04-30,1440,24.0
7z3ustz5EnF7LMolNFXD,2025-02-26,1425,23.75
7z3ustz5EnF7LMolNFXD,2025-02-27,1406,23.43
7z3ustz5EnF7LMolNFXD,2025-02-28,1374,22.9
7z3ustz5EnF7LMolNFXD,2025-03-01,1424,23.73
7z3ustz5EnF7LMolNFXD,2025-03-02,1311,21.85
7z3ustz5EnF7LMolNFXD,2025-03-03,1362,22.7
7z3ustz5EnF7LMolNFXD,2025-03-04,1399,23.32
7z3ustz5EnF7LMolNFXD,2025-03-05,1397,23.28
7z3ustz5EnF7LMolNFXD,2025-03-06,1323,22.05
7z3ustz5EnF7LMolNFXD,2025-03-07,1413,23.55
7z3ustz5EnF7LMolNFXD,2025-03-08,1292,21.53
7z3ustz5EnF7LMolNFXD,2025-03-09,1291,21.52
7z3ustz5EnF7LMolNFXD,2025-03-10,1419,23.65
7z3ustz5EnF7LMolNFXD,2025-03-11,1223,20.38
7z3ustz5EnF7LMolNFXD,2025-03-12,1435,23.92
7z3ustz5EnF7LMolNFXD,2025-03-13,1426,23.77
7z3ustz5EnF7LMolNFXD,2025-03-14,1379,22.98
7z3ustz5EnF7LMolNFXD,2025-03-15,1372,22.87
7z3ustz5EnF7LMolNFXD,2025-03-16,1411,23.52
7z3ustz5EnF7LMolNFXD,2025-03-17,1395,23.25
7z3ustz5EnF7LMolNFXD,2025-03-18,1425,23.75
7z3ustz5EnF7LMolNFXD,2025-03-19,1362,22.7
7z3ustz5EnF7LMolNFXD,2025-03-20,1367,22.78
7z3ustz5EnF7LMolNFXD,2025-03-21,1367,22.78
7z3ustz5EnF7LMolNFXD,2025-03-22,1365,22.75
7z3ustz5EnF7LMolNFXD,2025-03-23,1417,23.62
7z3ustz5EnF7LMolNFXD,2025-03-24,1429,23.82
7z3ustz5EnF7LMolNFXD,2025-03-25,1387,23.12
7z3ustz5EnF7LMolNFXD,2025-03-26,1398,23.3
7z3ustz5EnF7LMolNFXD,2025-03-27,1127,18.78
7z3ustz5EnF7LMolNFXD,2025-03-28,1436,23.93
7z3ustz5EnF7LMolNFXD,2025-03-29,1314,21.9
7z3ustz5EnF7LMolNFXD,2025-03-30,1399,23.32
7z3ustz5EnF7LMolNFXD,2025-03-31,1370,22.83
7z3ustz5EnF7LMolNFXD,2025-04-01,1422,23.7
7z3ustz5EnF7LMolNFXD,2025-04-02,1416,23.6
7z3ustz5EnF7LMolNFXD,2025-04-03,1348,22.47
7z3ustz5EnF7LMolNFXD,2025-04-04,1416,23.6
7z3ustz5EnF7LMolNFXD,2025-04-05,1384,23.07
7z3ustz5EnF7LMolNFXD,2025-04-06,1352,22.53
7z3ustz5EnF7LMolNFXD,2025-04-07,1413,23.55
7z3ustz5EnF7LMolNFXD,2025-04-08,1347,22.45
7z3ustz5EnF7LMolNFXD,2025-04-09,1419,23.65
7z3ustz5EnF7LMolNFXD,2025-04-10,1331,22.18
7z3ustz5EnF7LMolNFXD,2025-04-11,1346,22.43
7z3ustz5EnF7LMolNFXD,2025-04-12,1434,23.9
7z3ustz5EnF7LMolNFXD,2025-04-13,1364,22.73
7z3ustz5EnF7LMolNFXD,2025-04-14,1372,22.87
7z3ustz5EnF7LMolNFXD,2025-04-15,1336,22.27
7z3ustz5EnF7LMolNFXD,2025-04-16,1397,23.28
7z3ustz5EnF7LMolNFXD,2025-04-17,1369,22.82
7z3ustz5EnF7LMolNFXD,2025-04-18,1398,23.3
7z3ustz5EnF7LMolNFXD,2025-04-19,1368,22.8
7z3ustz5EnF7LMolNFXD,2025-04-20,1388,23.13
7z3ustz5EnF7LMolNFXD,2025-04-21,1431,23.85
7z3ustz5EnF7LMolNFXD,2025-04-22,1344,22.4
7z3ustz5EnF7LMolNFXD,2025-04-23,1326,22.1
7z3ustz5EnF7LMolNFXD,2025-04-24,1335,22.25
7z3ustz5EnF7LMolNFXD,2025-04-25,1438,23.97
7z3ustz5EnF7LMolNFXD,2025-04-26,1375,22.92
7z3ustz5EnF7LMolNFXD,2025-04-27,545,9.08
7z3ustz5EnF7LMolNFXD,2025-04-28,260,4.33
7z3ustz5EnF7LMolNFXD,2025-04-29,1357,22.62
7z3ustz5EnF7LMolNFXD,2025-04-30,1371,22.85
9mwCJXfh16H5kXUwvHVW,2025-02-26,1203,20.05
9mwCJXfh16H5kXUwvHVW,2025-02-27,1413,23.55
9mwCJXfh16H5kXUwvHVW,2025-02-28,32,0.53
9mwCJXfh16H5kXUwvHVW,2025-03-11,1187,19.78
9mwCJXfh16H5kXUwvHVW,2025-03-12,1386,23.1
9mwCJXfh16H5kXUwvHVW,2025-03-13,1440,24.0
9mwCJXfh16H5kXUwvHVW,2025-03-14,1440,24.0
9mwCJXfh16H5kXUwvHVW,2025-03-15,1440,24.0
9mwCJXfh16H5kXUwvHVW,2025-03-16,1440,24.0
9mwCJXfh16H5kXUwvHVW,2025-03-17,1440,24.0
9mwCJXfh16H5kXUwvHVW,2025-03-18,1435,23.92
9mwCJXfh16H5kXUwvHVW,2025-03-19,1309,21.82
9mwCJXfh16H5kXUwvHVW,2025-03-20,1440,24.0
9mwCJXfh16H5kXUwvHVW,2025-03-21,892,14.87
9mwCJXfh16H5kXUwvHVW,2025-03-22,1239,20.65
9mwCJXfh16H5kXUwvHVW,2025-03-23,1440,24.0
9mwCJXfh16H5kXUwvHVW,2025-03-24,1377,22.95
9mwCJXfh16H5kXUwvHVW,2025-03-25,1440,24.0
9mwCJXfh16H5kXUwvHVW,2025-03-26,1389,23.15
9mwCJXfh16H5kXUwvHVW,2025-03-27,1358,22.63
9mwCJXfh16H5kXUwvHVW,2025-03-28,1342,22.37
9mwCJXfh16H5kXUwvHVW,2025-03-29,1348,22.47
9mwCJXfh16H5kXUwvHVW,2025-03-30,1440,24.0
9mwCJXfh16H5kXUwvHVW,2025-03-31,1440,24.0
9mwCJXfh16H5kXUwvHVW,2025-04-01,1440,24.0
9mwCJXfh16H5kXUwvHVW,2025-04-02,1418,23.63
9mwCJXfh16H5kXUwvHVW,2025-04-03,1440,24.0
9mwCJXfh16H5kXUwvHVW,2025-04-04,1440,24.0
9mwCJXfh16H5kXUwvHVW,2025-04-05,1440,24.0
9mwCJXfh16H5kXUwvHVW,2025-04-06,1440,24.0
9mwCJXfh16H5kXUwvHVW,2025-04-07,1404,23.4
9mwCJXfh16H5kXUwvHVW,2025-04-08,1073,17.88
9mwCJXfh16H5kXUwvHVW,2025-04-09,1440,24.0
9mwCJXfh16H5kXUwvHVW,2025-04-10,1153,19.22
9mwCJXfh16H5kXUwvHVW,2025-04-11,1440,24.0
9mwCJXfh16H5kXUwvHVW,2025-04-12,1440,24.0
9mwCJXfh16H5kXUwvHVW,2025-04-13,1440,24.0
9mwCJXfh16H5kXUwvHVW,2025-04-14,1440,24.0
9mwCJXfh16H5kXUwvHVW,2025-04-15,1439,23.98
9mwCJXfh16H5kXUwvHVW,2025-04-16,1276,21.27
9mwCJXfh16H5kXUwvHVW,2025-04-17,1440,24.0
9mwCJXfh16H5kXUwvHVW,2025-04-18,596,9.93
9mwCJXfh16H5kXUwvHVW,2025-04-21,1438,23.97
9mwCJXfh16H5kXUwvHVW,2025-04-22,1253,20.88
9mwCJXfh16H5kXUwvHVW,2025-04-23,1413,23.55
9mwCJXfh16H5kXUwvHVW,2025-04-24,1440,24.0
9mwCJXfh16H5kXUwvHVW,2025-04-25,1440,24.0
9mwCJXfh16H5kXUwvHVW,2025-04-26,1160,19.33
9mwCJXfh16H5kXUwvHVW,2025-04-30,857,14.28
Bn8ry07xklgiLaf91MqF,2025-02-26,1429,23.82
Bn8ry07xklgiLaf91MqF,2025-02-27,1303,21.72
Bn8ry07xklgiLaf91MqF,2025-02-28,1440,24.0
Bn8ry07xklgiLaf91MqF,2025-03-01,1420,23.67
Bn8ry07xklgiLaf91MqF,2025-03-02,1440,24.0
Bn8ry07xklgiLaf91MqF,2025-03-03,1323,22.05
Bn8ry07xklgiLaf91MqF,2025-03-04,1079,17.98
Bn8ry07xklgiLaf91MqF,2025-03-05,1160,19.33
Bn8ry07xklgiLaf91MqF,2025-03-06,1423,23.72
Bn8ry07xklgiLaf91MqF,2025-03-07,1438,23.97
Bn8ry07xklgiLaf91MqF,2025-03-08,1426,23.77
Bn8ry07xklgiLaf91MqF,2025-03-09,1440,24.0
Bn8ry07xklgiLaf91MqF,2025-03-10,1235,20.58
Bn8ry07xklgiLaf91MqF,2025-03-11,1440,24.0
Bn8ry07xklgiLaf91MqF,2025-03-12,1424,23.73
Bn8ry07xklgiLaf91MqF,2025-03-13,1437,23.95
Bn8ry07xklgiLaf91MqF,2025-03-14,1438,23.97
Bn8ry07xklgiLaf91MqF,2025-03-15,1429,23.82
Bn8ry07xklgiLaf91MqF,2025-03-16,1440,24.0
Bn8ry07xklgiLaf91MqF,2025-03-17,1357,22.62
Bn8ry07xklgiLaf91MqF,2025-03-18,1440,24.0
Bn8ry07xklgiLaf91MqF,2025-03-19,1440,24.0
Bn8ry07xklgiLaf91MqF,2025-03-20,1437,23.95
Bn8ry07xklgiLaf91MqF,2025-03-21,1289,21.48
Bn8ry07xklgiLaf91MqF,2025-03-22,1416,23.6
Bn8ry07xklgiLaf91MqF,2025-03-23,1411,23.52
Bn8ry07xklgiLaf91MqF,2025-03-24,1436,23.93
Bn8ry07xklgiLaf91MqF,2025-03-25,1359,22.65
Bn8ry07xklgiLaf91MqF,2025-03-26,1438,23.97
Bn8ry07xklgiLaf91MqF,2025-03-27,1439,23.98
Bn8ry07xklgiLaf91MqF,2025-03-28,1357,22.62
Bn8ry07xklgiLaf91MqF,2025-03-29,1440,24.0
Bn8ry07xklgiLaf91MqF,2025-03-30,1380,23.0
Bn8ry07xklgiLaf91MqF,2025-03-31,1438,23.97
Bn8ry07xklgiLaf91MqF,2025-04-01,1440,24.0
Bn8ry07xklgiLaf91MqF,2025-04-02,1271,21.18
Bn8ry07xklgiLaf91MqF,2025-04-03,1436,23.93
Bn8ry07xklgiLaf91MqF,2025-04-04,1429,23.82
Bn8ry07xklgiLaf91MqF,2025-04-05,1440,24.0
Bn8ry07xklgiLaf91MqF,2025-04-06,1432,23.87
Bn8ry07xklgiLaf91MqF,2025-04-07,1440,24.0
Bn8ry07xklgiLaf91MqF,2025-04-08,1326,22.1
Bn8ry07xklgiLaf91MqF,2025-04-09,1440,24.0
Bn8ry07xklgiLaf91MqF,2025-04-10,1424,23.73
Bn8ry07xklgiLaf91MqF,2025-04-11,1422,23.7
Bn8ry07xklgiLaf91MqF,2025-04-12,1440,24.0
Bn8ry07xklgiLaf91MqF,2025-04-13,1440,24.0
Bn8ry07xklgiLaf91MqF,2025-04-14,1244,20.73
Bn8ry07xklgiLaf91MqF,2025-04-15,1440,24.0
Bn8ry07xklgiLaf91MqF,2025-04-16,1425,23.75
Bn8ry07xklgiLaf91MqF,2025-04-17,1440,24.0
Bn8ry07xklgiLaf91MqF,2025-04-18,1417,23.62
Bn8ry07xklgiLaf91MqF,2025-04-19,1440,24.0
Bn8ry07xklgiLaf91MqF,2025-04-20,1248,20.8
Bn8ry07xklgiLaf91MqF,2025-04-21,1437,23.95
Bn8ry07xklgiLaf91MqF,2025-04-22,1285,21.42
Bn8ry07xklgiLaf91MqF,2025-04-23,1440,24.0
Bn8ry07xklgiLaf91MqF,2025-04-24,1381,23.02
Bn8ry07xklgiLaf91MqF,2025-04-25,1440,24.0
Bn8ry07xklgiLaf91MqF,2025-04-26,1258,20.97
Bn8ry07xklgiLaf91MqF,2025-04-27,1357,22.62
Bn8ry07xklgiLaf91MqF,2025-04-28,1425,23.75
Bn8ry07xklgiLaf91MqF,2025-04-29,1440,24.0
Bn8ry07xklgiLaf91MqF,2025-04-30,1409,23.48
D7ztGzWsNcXCjkpkH9O7,2025-02-26,1424,23.73
D7ztGzWsNcXCjkpkH9O7,2025-02-27,1430,23.83
D7ztGzWsNcXCjkpkH9O7,2025-02-28,1284,21.4
D7ztGzWsNcXCjkpkH9O7,2025-03-01,1413,23.55
D7ztGzWsNcXCjkpkH9O7,2025-03-02,1439,23.98
D7ztGzWsNcXCjkpkH9O7,2025-03-03,1437,23.95
D7ztGzWsNcXCjkpkH9O7,2025-03-04,1422,23.7
D7ztGzWsNcXCjkpkH9O7,2025-03-05,1434,23.9
D7ztGzWsNcXCjkpkH9O7,2025-03-06,1435,23.92
D7ztGzWsNcXCjkpkH9O7,2025-03-07,1341,22.35
D7ztGzWsNcXCjkpkH9O7,2025-03-08,1436,23.93
D7ztGzWsNcXCjkpkH9O7,2025-03-09,1432,23.87
D7ztGzWsNcXCjkpkH9O7,2025-03-10,1427,23.78
D7ztGzWsNcXCjkpkH9O7,2025-03-11,1429,23.82
D7ztGzWsNcXCjkpkH9O7,2025-03-12,1407,23.45
D7ztGzWsNcXCjkpkH9O7,2025-03-13,1425,23.75
D7ztGzWsNcXCjkpkH9O7,2025-03-14,1013,16.88
D7ztGzWsNcXCjkpkH9O7,2025-03-15,1418,23.63
D7ztGzWsNcXCjkpkH9O7,2025-03-16,1434,23.9
D7ztGzWsNcXCjkpkH9O7,2025-03-17,1432,23.87
D7ztGzWsNcXCjkpkH9O7,2025-03-18,1420,23.67
D7ztGzWsNcXCjkpkH9O7,2025-03-19,1433,23.88
D7ztGzWsNcXCjkpkH9O7,2025-03-20,1308,21.8
D7ztGzWsNcXCjkpkH9O7,2025-03-21,1426,23.77
D7ztGzWsNcXCjkpkH9O7,2025-03-22,1432,23.87
D7ztGzWsNcXCjkpkH9O7,2025-03-23,1429,23.82
D7ztGzWsNcXCjkpkH9O7,2025-03-24,1422,23.7
D7ztGzWsNcXCjkpkH9O7,2025-03-25,1365,22.75
D7ztGzWsNcXCjkpkH9O7,2025-03-26,1430,23.83
D7ztGzWsNcXCjkpkH9O7,2025-03-27,1390,23.17
D7ztGzWsNcXCjkpkH9O7,2025-03-28,1432,23.87
D7ztGzWsNcXCjkpkH9O7,2025-03-29,1409,23.48
D7ztGzWsNcXCjkpkH9O7,2025-03-30,1376,22.93
D7ztGzWsNcXCjkpkH9O7,2025-03-31,1255,20.92
D7ztGzWsNcXCjkpkH9O7,2025-04-01,1437,23.95
D7ztGzWsNcXCjkpkH9O7,2025-04-02,1436,23.93
D7ztGzWsNcXCjkpkH9O7,2025-04-03,1427,23.78
D7ztGzWsNcXCjkpkH9O7,2025-04-04,1398,23.3
D7ztGzWsNcXCjkpkH9O7,2025-04-05,1405,23.42
D7ztGzWsNcXCjkpkH9O7,2025-04-06,1430,23.83
D7ztGzWsNcXCjkpkH9O7,2025-04-07,1435,23.92
D7ztGzWsNcXCjkpkH9O7,2025-04-08,1253,20.88
D7ztGzWsNcXCjkpkH9O7,2025-04-09,1414,23.57
D7ztGzWsNcXCjkpkH9O7,2025-04-10,1420,23.67
D7ztGzWsNcXCjkpkH9O7,2025-04-11,1252,20.87
D7ztGzWsNcXCjkpkH9O7,2025-04-12,1435,23.92
D7ztGzWsNcXCjkpkH9O7,2025-04-13,1434,23.9
D7ztGzWsNcXCjkpkH9O7,2025-04-14,1427,23.78
D7ztGzWsNcXCjkpkH9O7,2025-04-15,1437,23.95
D7ztGzWsNcXCjkpkH9O7,2025-04-16,1300,21.67
D7ztGzWsNcXCjkpkH9O7,2025-04-17,1435,23.92
D7ztGzWsNcXCjkpkH9O7,2025-04-18,1412,23.53
D7ztGzWsNcXCjkpkH9O7,2025-04-19,1420,23.67
D7ztGzWsNcXCjkpkH9O7,2025-04-20,1416,23.6
D7ztGzWsNcXCjkpkH9O7,2025-04-21,1418,23.63
D7ztGzWsNcXCjkpkH9O7,2025-04-22,1349,22.48
D7ztGzWsNcXCjkpkH9O7,2025-04-23,1431,23.85
D7ztGzWsNcXCjkpkH9O7,2025-04-24,1437,23.95
D7ztGzWsNcXCjkpkH9O7,2025-04-25,1437,23.95
D7ztGzWsNcXCjkpkH9O7,2025-04-26,1429,23.82
D7ztGzWsNcXCjkpkH9O7,2025-04-27,1435,23.92
D7ztGzWsNcXCjkpkH9O7,2025-04-28,1280,21.33
D7ztGzWsNcXCjkpkH9O7,2025-04-29,1422,23.7
D7ztGzWsNcXCjkpkH9O7,2025-04-30,1436,23.93
DfgE795ypSnZzyuBlNNT,2025-02-26,1431,23.85
DfgE795ypSnZzyuBlNNT,2025-02-27,1406,23.43
DfgE795ypSnZzyuBlNNT,2025-02-28,1430,23.83
DfgE795ypSnZzyuBlNNT,2025-03-01,1431,23.85
DfgE795ypSnZzyuBlNNT,2025-03-02,1410,23.5
DfgE795ypSnZzyuBlNNT,2025-03-03,1425,23.75
DfgE795ypSnZzyuBlNNT,2025-03-04,1406,23.43
DfgE795ypSnZzyuBlNNT,2025-03-05,1327,22.12
DfgE795ypSnZzyuBlNNT,2025-03-06,1406,23.43
DfgE795ypSnZzyuBlNNT,2025-03-07,1429,23.82
DfgE795ypSnZzyuBlNNT,2025-03-08,1422,23.7
DfgE795ypSnZzyuBlNNT,2025-03-09,1411,23.52
DfgE795ypSnZzyuBlNNT,2025-03-10,1416,23.6
DfgE795ypSnZzyuBlNNT,2025-03-11,1410,23.5
DfgE795ypSnZzyuBlNNT,2025-03-12,1288,21.47
DfgE795ypSnZzyuBlNNT,2025-03-13,1425,23.75
DfgE795ypSnZzyuBlNNT,2025-03-14,1429,23.82
DfgE795ypSnZzyuBlNNT,2025-03-15,1320,22.0
DfgE795ypSnZzyuBlNNT,2025-03-16,1386,23.1
DfgE795ypSnZzyuBlNNT,2025-03-17,1227,20.45
DfgE795ypSnZzyuBlNNT,2025-03-18,1311,21.85
DfgE795ypSnZzyuBlNNT,2025-03-19,1391,23.18
DfgE795ypSnZzyuBlNNT,2025-03-20,1316,21.93
DfgE795ypSnZzyuBlNNT,2025-03-21,1401,23.35
DfgE795ypSnZzyuBlNNT,2025-03-22,1387,23.12
DfgE795ypSnZzyuBlNNT,2025-03-23,1390,23.17
DfgE795ypSnZzyuBlNNT,2025-03-24,1405,23.42
DfgE795ypSnZzyuBlNNT,2025-03-25,1370,22.83
DfgE795ypSnZzyuBlNNT,2025-03-26,1294,21.57
DfgE795ypSnZzyuBlNNT,2025-03-27,1425,23.75
DfgE795ypSnZzyuBlNNT,2025-03-28,1419,23.65
DfgE795ypSnZzyuBlNNT,2025-03-29,1427,23.78
DfgE795ypSnZzyuBlNNT,2025-03-30,1355,22.58
DfgE795ypSnZzyuBlNNT,2025-03-31,1414,23.57
DfgE795ypSnZzyuBlNNT,2025-04-01,1406,23.43
DfgE795ypSnZzyuBlNNT,2025-04-02,1386,23.1
DfgE795ypSnZzyuBlNNT,2025-04-03,1430,23.83
DfgE795ypSnZzyuBlNNT,2025-04-04,1333,22.22
DfgE795ypSnZzyuBlNNT,2025-04-05,1424,23.73
DfgE795ypSnZzyuBlNNT,2025-04-06,1417,23.62
DfgE795ypSnZzyuBlNNT,2025-04-07,1420,23.67
DfgE795ypSnZzyuBlNNT,2025-04-08,1410,23.5
DfgE795ypSnZzyuBlNNT,2025-04-09,1432,23.87
DfgE795ypSnZzyuBlNNT,2025-04-10,1409,23.48
DfgE795ypSnZzyuBlNNT,2025-04-11,1433,23.88
DfgE795ypSnZzyuBlNNT,2025-04-12,1310,21.83
DfgE795ypSnZzyuBlNNT,2025-04-13,1414,23.57
DfgE795ypSnZzyuBlNNT,2025-04-14,1419,23.65
DfgE795ypSnZzyuBlNNT,2025-04-15,1407,23.45
DfgE795ypSnZzyuBlNNT,2025-04-16,1427,23.78
DfgE795ypSnZzyuBlNNT,2025-04-17,1406,23.43
DfgE795ypSnZzyuBlNNT,2025-04-18,1363,22.72
DfgE795ypSnZzyuBlNNT,2025-04-19,1428,23.8
DfgE795ypSnZzyuBlNNT,2025-04-20,1404,23.4
DfgE795ypSnZzyuBlNNT,2025-04-21,1321,22.02
DfgE795ypSnZzyuBlNNT,2025-04-22,1404,23.4
DfgE795ypSnZzyuBlNNT,2025-04-23,1423,23.72
DfgE795ypSnZzyuBlNNT,2025-04-24,1398,23.3
DfgE795ypSnZzyuBlNNT,2025-04-25,1429,23.82
DfgE795ypSnZzyuBlNNT,2025-04-26,1423,23.72
DfgE795ypSnZzyuBlNNT,2025-04-27,1418,23.63
DfgE795ypSnZzyuBlNNT,2025-04-28,1416,23.6
DfgE795ypSnZzyuBlNNT,2025-04-29,1338,22.3
DfgE795ypSnZzyuBlNNT,2025-04-30,1397,23.28
EeTSKkNw03amapx06fy9,2025-02-26,1422,23.7
EeTSKkNw03amapx06fy9,2025-02-27,1263,21.05
EeTSKkNw03amapx06fy9,2025-02-28,1432,23.87
EeTSKkNw03amapx06fy9,2025-03-01,1429,23.82
EeTSKkNw03amapx06fy9,2025-03-02,1420,23.67
EeTSKkNw03amapx06fy9,2025-03-03,1431,23.85
EeTSKkNw03amapx06fy9,2025-03-04,1218,20.3
EeTSKkNw03amapx06fy9,2025-03-05,1435,23.92
EeTSKkNw03amapx06fy9,2025-03-06,1429,23.82
EeTSKkNw03amapx06fy9,2025-03-07,1433,23.88
EeTSKkNw03amapx06fy9,2025-03-08,1397,23.28
EeTSKkNw03amapx06fy9,2025-03-09,1435,23.92
EeTSKkNw03amapx06fy9,2025-03-10,1171,19.52
EeTSKkNw03amapx06fy9,2025-03-11,1432,23.87
EeTSKkNw03amapx06fy9,2025-03-12,1428,23.8
EeTSKkNw03amapx06fy9,2025-03-13,1432,23.87
EeTSKkNw03amapx06fy9,2025-03-14,1439,23.98
EeTSKkNw03amapx06fy9,2025-03-15,1432,23.87
EeTSKkNw03amapx06fy9,2025-03-16,1433,23.88
EeTSKkNw03amapx06fy9,2025-03-17,1436,23.93
EeTSKkNw03amapx06fy9,2025-03-18,1438,23.97
EeTSKkNw03amapx06fy9,2025-03-19,1247,20.78
EeTSKkNw03amapx06fy9,2025-03-20,1420,23.67
EeTSKkNw03amapx06fy9,2025-03-21,1434,23.9
EeTSKkNw03amapx06fy9,2025-03-22,1277,21.28
EeTSKkNw03amapx06fy9,2025-03-23,1437,23.95
EeTSKkNw03amapx06fy9,2025-03-24,1430,23.83
EeTSKkNw03amapx06fy9,2025-03-25,1419,23.65
EeTSKkNw03amapx06fy9,2025-03-26,1434,23.9
EeTSKkNw03amapx06fy9,2025-03-27,1432,23.87
EeTSKkNw03amapx06fy9,2025-03-28,1436,23.93
EeTSKkNw03amapx06fy9,2025-03-29,1244,20.73
EeTSKkNw03amapx06fy9,2025-03-30,1378,22.97
EeTSKkNw03amapx06fy9,2025-03-31,1430,23.83
EeTSKkNw03amapx06fy9,2025-04-01,1419,23.65
EeTSKkNw03amapx06fy9,2025-04-02,1428,23.8
EeTSKkNw03amapx06fy9,2025-04-03,1432,23.87
EeTSKkNw03amapx06fy9,2025-04-04,1406,23.43
EeTSKkNw03amapx06fy9,2025-04-05,1428,23.8
EeTSKkNw03amapx06fy9,2025-04-06,1388,23.13
EeTSKkNw03amapx06fy9,2025-04-07,1434,23.9
EeTSKkNw03amapx06fy9,2025-04-08,1271,21.18
EeTSKkNw03amapx06fy9,2025-04-09,1428,23.8
EeTSKkNw03amapx06fy9,2025-04-10,1437,23.95
EeTSKkNw03amapx06fy9,2025-04-11,1423,23.72
EeTSKkNw03amapx06fy9,2025-04-12,1432,23.87
EeTSKkNw03amapx06fy9,2025-04-13,1432,23.87
EeTSKkNw03amapx06fy9,2025-04-14,1433,23.88
EeTSKkNw03amapx06fy9,2025-04-15,1173,19.55
EeTSKkNw03amapx06fy9,2025-04-16,1433,23.88
EeTSKkNw03amapx06fy9,2025-04-17,1422,23.7
EeTSKkNw03amapx06fy9,2025-04-18,1430,23.83
EeTSKkNw03amapx06fy9,2025-04-19,1417,23.62
EeTSKkNw03amapx06fy9,2025-04-20,1431,23.85
EeTSKkNw03amapx06fy9,2025-04-21,1421,23.68
EeTSKkNw03amapx06fy9,2025-04-22,1265,21.08
EeTSKkNw03amapx06fy9,2025-04-23,721,12.02
EeTSKkNw03amapx06fy9,2025-04-24,1436,23.93
EeTSKkNw03amapx06fy9,2025-04-25,1423,23.72
EeTSKkNw03amapx06fy9,2025-04-26,1405,23.42
EeTSKkNw03amapx06fy9,2025-04-27,1429,23.82
EeTSKkNw03amapx06fy9,2025-04-28,1132,18.87
EeTSKkNw03amapx06fy9,2025-04-29,1431,23.85
EeTSKkNw03amapx06fy9,2025-04-30,1436,23.93
ElFiNRydnOOTWXJaUXrk,2025-02-26,1440,24.0
ElFiNRydnOOTWXJaUXrk,2025-02-27,1440,24.0
ElFiNRydnOOTWXJaUXrk,2025-02-28,1440,24.0
ElFiNRydnOOTWXJaUXrk,2025-03-01,1335,22.25
ElFiNRydnOOTWXJaUXrk,2025-03-02,1440,24.0
ElFiNRydnOOTWXJaUXrk,2025-03-03,1438,23.97
ElFiNRydnOOTWXJaUXrk,2025-03-04,1439,23.98
ElFiNRydnOOTWXJaUXrk,2025-03-05,1440,24.0
ElFiNRydnOOTWXJaUXrk,2025-03-06,1440,24.0
ElFiNRydnOOTWXJaUXrk,2025-03-07,1058,17.63
ElFiNRydnOOTWXJaUXrk,2025-03-08,1440,24.0
ElFiNRydnOOTWXJaUXrk,2025-03-09,1380,23.0
ElFiNRydnOOTWXJaUXrk,2025-03-10,1408,23.47
ElFiNRydnOOTWXJaUXrk,2025-03-11,1440,24.0
ElFiNRydnOOTWXJaUXrk,2025-03-12,1440,24.0
ElFiNRydnOOTWXJaUXrk,2025-03-13,1440,24.0
ElFiNRydnOOTWXJaUXrk,2025-03-14,1156,19.27
ElFiNRydnOOTWXJaUXrk,2025-03-15,1440,24.0
ElFiNRydnOOTWXJaUXrk,2025-03-16,1440,24.0
ElFiNRydnOOTWXJaUXrk,2025-03-17,1382,23.03
ElFiNRydnOOTWXJaUXrk,2025-03-18,1440,24.0
ElFiNRydnOOTWXJaUXrk,2025-03-19,1440,24.0
ElFiNRydnOOTWXJaUXrk,2025-03-20,1382,23.03
ElFiNRydnOOTWXJaUXrk,2025-03-21,1440,24.0
ElFiNRydnOOTWXJaUXrk,2025-03-22,1394,23.23
ElFiNRydnOOTWXJaUXrk,2025-03-23,1440,24.0
ElFiNRydnOOTWXJaUXrk,2025-03-24,1440,24.0
ElFiNRydnOOTWXJaUXrk,2025-03-25,1366,22.77
ElFiNRydnOOTWXJaUXrk,2025-03-26,1435,23.92
ElFiNRydnOOTWXJaUXrk,2025-03-27,1440,24.0
ElFiNRydnOOTWXJaUXrk,2025-03-28,1313,21.88
ElFiNRydnOOTWXJaUXrk,2025-03-29,1440,24.0
ElFiNRydnOOTWXJaUXrk,2025-03-30,1440,24.0
ElFiNRydnOOTWXJaUXrk,2025-03-31,1438,23.97
ElFiNRydnOOTWXJaUXrk,2025-04-01,1440,24.0
ElFiNRydnOOTWXJaUXrk,2025-04-02,1230,20.5
ElFiNRydnOOTWXJaUXrk,2025-04-03,1341,22.35
ElFiNRydnOOTWXJaUXrk,2025-04-04,1432,23.87
ElFiNRydnOOTWXJaUXrk,2025-04-05,1440,24.0
ElFiNRydnOOTWXJaUXrk,2025-04-06,1440,24.0
ElFiNRydnOOTWXJaUXrk,2025-04-07,1393,23.22
ElFiNRydnOOTWXJaUXrk,2025-04-08,1429,23.82
ElFiNRydnOOTWXJaUXrk,2025-04-09,1437,23.95
ElFiNRydnOOTWXJaUXrk,2025-04-10,1366,22.77
ElFiNRydnOOTWXJaUXrk,2025-04-11,1420,23.67
ElFiNRydnOOTWXJaUXrk,2025-04-12,1440,24.0
ElFiNRydnOOTWXJaUXrk,2025-04-13,1272,21.2
ElFiNRydnOOTWXJaUXrk,2025-04-14,1440,24.0
ElFiNRydnOOTWXJaUXrk,2025-04-15,1440,24.0
ElFiNRydnOOTWXJaUXrk,2025-04-16,1440,24.0
ElFiNRydnOOTWXJaUXrk,2025-04-17,1440,24.0
ElFiNRydnOOTWXJaUXrk,2025-04-18,1317,21.95
ElFiNRydnOOTWXJaUXrk,2025-04-19,1440,24.0
ElFiNRydnOOTWXJaUXrk,2025-04-20,1300,21.67
ElFiNRydnOOTWXJaUXrk,2025-04-21,1440,24.0
ElFiNRydnOOTWXJaUXrk,2025-04-22,1440,24.0
ElFiNRydnOOTWXJaUXrk,2025-04-23,1440,24.0
ElFiNRydnOOTWXJaUXrk,2025-04-24,1357,22.62
ElFiNRydnOOTWXJaUXrk,2025-04-25,873,14.55
ElFiNRydnOOTWXJaUXrk,2025-04-26,1439,23.98
ElFiNRydnOOTWXJaUXrk,2025-04-27,1440,24.0
ElFiNRydnOOTWXJaUXrk,2025-04-28,1358,22.63
ElFiNRydnOOTWXJaUXrk,2025-04-29,1440,24.0
ElFiNRydnOOTWXJaUXrk,2025-04-30,1205,20.08
H7UADUwy3br6HvHTUti0,2025-02-26,1440,24.0
H7UADUwy3br6HvHTUti0,2025-02-27,1373,22.88
H7UADUwy3br6HvHTUti0,2025-02-28,1440,24.0
H7UADUwy3br6HvHTUti0,2025-03-01,1440,24.0
H7UADUwy3br6HvHTUti0,2025-03-02,1346,22.43
H7UADUwy3br6HvHTUti0,2025-03-03,1440,24.0
H7UADUwy3br6HvHTUti0,2025-03-04,1419,23.65
H7UADUwy3br6HvHTUti0,2025-03-05,1427,23.78
H7UADUwy3br6HvHTUti0,2025-03-06,1440,24.0
H7UADUwy3br6HvHTUti0,2025-03-07,1440,24.0
H7UADUwy3br6HvHTUti0,2025-03-08,1256,20.93
H7UADUwy3br6HvHTUti0,2025-03-09,164,2.73
H7UADUwy3br6HvHTUti0,2025-03-10,1440,24.0
H7UADUwy3br6HvHTUti0,2025-03-11,1440,24.0
H7UADUwy3br6HvHTUti0,2025-03-12,1440,24.0
H7UADUwy3br6HvHTUti0,2025-03-13,1327,22.12
H7UADUwy3br6HvHTUti0,2025-03-14,1247,20.78
H7UADUwy3br6HvHTUti0,2025-03-15,1210,20.17
H7UADUwy3br6HvHTUti0,2025-03-16,1257,20.95
H7UADUwy3br6HvHTUti0,2025-03-17,1440,24.0
H7UADUwy3br6HvHTUti0,2025-03-18,1427,23.78
H7UADUwy3br6HvHTUti0,2025-03-19,1440,24.0
H7UADUwy3br6HvHTUti0,2025-03-20,1367,22.78
H7UADUwy3br6HvHTUti0,2025-03-21,1409,23.48
H7UADUwy3br6HvHTUti0,2025-03-22,1440,24.0
H7UADUwy3br6HvHTUti0,2025-03-23,1440,24.0
H7UADUwy3br6HvHTUti0,2025-03-24,1383,23.05
H7UADUwy3br6HvHTUti0,2025-03-25,1440,24.0
H7UADUwy3br6HvHTUti0,2025-03-26,1426,23.77
H7UADUwy3br6HvHTUti0,2025-03-27,1413,23.55
H7UADUwy3br6HvHTUti0,2025-03-28,1440,24.0
H7UADUwy3br6HvHTUti0,2025-03-29,1121,18.68
H7UADUwy3br6HvHTUti0,2025-03-30,297,4.95
H7UADUwy3br6HvHTUti0,2025-03-31,1440,24.0
H7UADUwy3br6HvHTUti0,2025-04-01,1343,22.38
H7UADUwy3br6HvHTUti0,2025-04-02,1398,23.3
H7UADUwy3br6HvHTUti0,2025-04-03,1434,23.9
H7UADUwy3br6HvHTUti0,2025-04-04,1440,24.0
H7UADUwy3br6HvHTUti0,2025-04-05,1440,24.0
H7UADUwy3br6HvHTUti0,2025-04-06,1440,24.0
H7UADUwy3br6HvHTUti0,2025-04-07,1209,20.15
H7UADUwy3br6HvHTUti0,2025-04-08,1440,24.0
H7UADUwy3br6HvHTUti0,2025-04-09,1440,24.0
H7UADUwy3br6HvHTUti0,2025-04-10,1283,21.38
H7UADUwy3br6HvHTUti0,2025-04-11,1440,24.0
H7UADUwy3br6HvHTUti0,2025-04-12,1440,24.0
H7UADUwy3br6HvHTUti0,2025-04-13,739,12.32
H7UADUwy3br6HvHTUti0,2025-04-14,836,13.93
H7UADUwy3br6HvHTUti0,2025-04-15,1298,21.63
H7UADUwy3br6HvHTUti0,2025-04-16,1440,24.0
H7UADUwy3br6HvHTUti0,2025-04-17,1292,21.53
H7UADUwy3br6HvHTUti0,2025-04-18,1440,24.0
H7UADUwy3br6HvHTUti0,2025-04-19,1440,24.0
H7UADUwy3br6HvHTUti0,2025-04-20,1418,23.63
H7UADUwy3br6HvHTUti0,2025-04-21,1386,23.1
H7UADUwy3br6HvHTUti0,2025-04-22,1440,24.0
H7UADUwy3br6HvHTUti0,2025-04-23,1373,22.88
H7UADUwy3br6HvHTUti0,2025-04-24,1440,24.0
H7UADUwy3br6HvHTUti0,2025-04-25,1440,24.0
H7UADUwy3br6HvHTUti0,2025-04-26,1089,18.15
H7UADUwy3br6HvHTUti0,2025-04-27,1152,19.2
H7UADUwy3br6HvHTUti0,2025-04-28,1405,23.42
H7UADUwy3br6HvHTUti0,2025-04-29,1440,24.0
H7UADUwy3br6HvHTUti0,2025-04-30,1305,21.75
O7gJjdBvBXpMezaXUlbR,2025-02-26,1437,23.95
O7gJjdBvBXpMezaXUlbR,2025-02-27,849,14.15
O7gJjdBvBXpMezaXUlbR,2025-03-03,149,2.48
O7gJjdBvBXpMezaXUlbR,2025-03-04,1436,23.93
O7gJjdBvBXpMezaXUlbR,2025-03-05,1013,16.88
O7gJjdBvBXpMezaXUlbR,2025-03-06,1440,24.0
O7gJjdBvBXpMezaXUlbR,2025-03-07,739,12.32
O7gJjdBvBXpMezaXUlbR,2025-03-08,149,2.48
O7gJjdBvBXpMezaXUlbR,2025-03-09,1440,24.0
O7gJjdBvBXpMezaXUlbR,2025-03-10,1407,23.45
O7gJjdBvBXpMezaXUlbR,2025-03-11,273,4.55
O7gJjdBvBXpMezaXUlbR,2025-03-12,1158,19.3
O7gJjdBvBXpMezaXUlbR,2025-03-13,1054,17.57
O7gJjdBvBXpMezaXUlbR,2025-03-15,817,13.62
O7gJjdBvBXpMezaXUlbR,2025-03-16,1440,24.0
O7gJjdBvBXpMezaXUlbR,2025-03-17,85,1.42
O7gJjdBvBXpMezaXUlbR,2025-03-18,1012,16.87
O7gJjdBvBXpMezaXUlbR,2025-03-19,1440,24.0
O7gJjdBvBXpMezaXUlbR,2025-03-20,1193,19.88
O7gJjdBvBXpMezaXUlbR,2025-03-21,1440,24.0
O7gJjdBvBXpMezaXUlbR,2025-03-22,634,10.57
O7gJjdBvBXpMezaXUlbR,2025-03-23,1428,23.8
O7gJjdBvBXpMezaXUlbR,2025-03-24,1035,17.25
O7gJjdBvBXpMezaXUlbR,2025-03-25,1018,16.97
O7gJjdBvBXpMezaXUlbR,2025-03-26,1436,23.93
O7gJjdBvBXpMezaXUlbR,2025-03-27,551,9.18
O7gJjdBvBXpMezaXUlbR,2025-03-28,1440,24.0
O7gJjdBvBXpMezaXUlbR,2025-03-29,512,8.53
O7gJjdBvBXpMezaXUlbR,2025-03-30,1380,23.0
O7gJjdBvBXpMezaXUlbR,2025-03-31,495,8.25
O7gJjdBvBXpMezaXUlbR,2025-04-01,126,2.1
O7gJjdBvBXpMezaXUlbR,2025-04-02,1440,24.0
O7gJjdBvBXpMezaXUlbR,2025-04-03,905,15.08
O7gJjdBvBXpMezaXUlbR,2025-04-04,917,15.28
O7gJjdBvBXpMezaXUlbR,2025-04-05,955,15.92
O7gJjdBvBXpMezaXUlbR,2025-04-06,109,1.82
O7gJjdBvBXpMezaXUlbR,2025-04-07,1422,23.7
O7gJjdBvBXpMezaXUlbR,2025-04-08,1407,23.45
O7gJjdBvBXpMezaXUlbR,2025-04-09,936,15.6
O7gJjdBvBXpMezaXUlbR,2025-04-10,1440,24.0
O7gJjdBvBXpMezaXUlbR,2025-04-11,483,8.05
O7gJjdBvBXpMezaXUlbR,2025-04-12,761,12.68
O7gJjdBvBXpMezaXUlbR,2025-04-13,1381,23.02
O7gJjdBvBXpMezaXUlbR,2025-04-14,1408,23.47
O7gJjdBvBXpMezaXUlbR,2025-04-15,1341,22.35
O7gJjdBvBXpMezaXUlbR,2025-04-16,1002,16.7
O7gJjdBvBXpMezaXUlbR,2025-04-17,1440,24.0
O7gJjdBvBXpMezaXUlbR,2025-04-18,1250,20.83
O7gJjdBvBXpMezaXUlbR,2025-04-19,1437,23.95
O7gJjdBvBXpMezaXUlbR,2025-04-20,235,3.92
O7gJjdBvBXpMezaXUlbR,2025-04-21,804,13.4
O7gJjdBvBXpMezaXUlbR,2025-04-22,1440,24.0
O7gJjdBvBXpMezaXUlbR,2025-04-23,1440,24.0
O7gJjdBvBXpMezaXUlbR,2025-04-24,356,5.93
O7gJjdBvBXpMezaXUlbR,2025-04-25,319,5.32
O7gJjdBvBXpMezaXUlbR,2025-04-26,1171,19.52
O7gJjdBvBXpMezaXUlbR,2025-04-27,1440,24.0
O7gJjdBvBXpMezaXUlbR,2025-04-28,514,8.57
O7gJjdBvBXpMezaXUlbR,2025-04-29,1439,23.98
O7gJjdBvBXpMezaXUlbR,2025-04-30,924,15.4
Ohb0TKzIBmhz3jYZJ4Eq,2025-02-26,1405,23.42
Ohb0TKzIBmhz3jYZJ4Eq,2025-02-27,1342,22.37
Ohb0TKzIBmhz3jYZJ4Eq,2025-02-28,1407,23.45
Ohb0TKzIBmhz3jYZJ4Eq,2025-03-01,1404,23.4
Ohb0TKzIBmhz3jYZJ4Eq,2025-03-02,1402,23.37
Ohb0TKzIBmhz3jYZJ4Eq,2025-03-03,1399,23.32
Ohb0TKzIBmhz3jYZJ4Eq,2025-03-04,1396,23.27
Ohb0TKzIBmhz3jYZJ4Eq,2025-03-05,1376,22.93
Ohb0TKzIBmhz3jYZJ4Eq,2025-03-06,1418,23.63
Ohb0TKzIBmhz3jYZJ4Eq,2025-03-07,1402,23.37
Ohb0TKzIBmhz3jYZJ4Eq,2025-03-08,1406,23.43
Ohb0TKzIBmhz3jYZJ4Eq,2025-03-09,1339,22.32
Ohb0TKzIBmhz3jYZJ4Eq,2025-03-10,1397,23.28
Ohb0TKzIBmhz3jYZJ4Eq,2025-03-11,1355,22.58
Ohb0TKzIBmhz3jYZJ4Eq,2025-03-12,1403,23.38
Ohb0TKzIBmhz3jYZJ4Eq,2025-03-13,1346,22.43
Ohb0TKzIBmhz3jYZJ4Eq,2025-03-14,1423,23.72
Ohb0TKzIBmhz3jYZJ4Eq,2025-03-15,1396,23.27
Ohb0TKzIBmhz3jYZJ4Eq,2025-03-16,1403,23.38
Ohb0TKzIBmhz3jYZJ4Eq,2025-03-17,1406,23.43
Ohb0TKzIBmhz3jYZJ4Eq,2025-03-18,1404,23.4
Ohb0TKzIBmhz3jYZJ4Eq,2025-03-19,1404,23.4
Ohb0TKzIBmhz3jYZJ4Eq,2025-03-20,1373,22.88
Ohb0TKzIBmhz3jYZJ4Eq,2025-03-21,1403,23.38
Ohb0TKzIBmhz3jYZJ4Eq,2025-03-22,1350,22.5
Ohb0TKzIBmhz3jYZJ4Eq,2025-03-23,1384,23.07
Ohb0TKzIBmhz3jYZJ4Eq,2025-03-24,1400,23.33
Ohb0TKzIBmhz3jYZJ4Eq,2025-03-25,1405,23.42
Ohb0TKzIBmhz3jYZJ4Eq,2025-03-26,1395,23.25
Ohb0TKzIBmhz3jYZJ4Eq,2025-03-27,1381,23.02
Ohb0TKzIBmhz3jYZJ4Eq,2025-03-28,1396,23.27
Ohb0TKzIBmhz3jYZJ4Eq,2025-03-29,1386,23.1
Ohb0TKzIBmhz3jYZJ4Eq,2025-03-30,1401,23.35
Ohb0TKzIBmhz3jYZJ4Eq,2025-03-31,1399,23.32
Ohb0TKzIBmhz3jYZJ4Eq,2025-04-01,1338,22.3
Ohb0TKzIBmhz3jYZJ4Eq,2025-04-02,1396,23.27
Ohb0TKzIBmhz3jYZJ4Eq,2025-04-03,1396,23.27
Ohb0TKzIBmhz3jYZJ4Eq,2025-04-04,1401,23.35
Ohb0TKzIBmhz3jYZJ4Eq,2025-04-05,1399,23.32
Ohb0TKzIBmhz3jYZJ4Eq,2025-04-06,1394,23.23
Ohb0TKzIBmhz3jYZJ4Eq,2025-04-07,1402,23.37
Ohb0TKzIBmhz3jYZJ4Eq,2025-04-08,1288,21.47
Ohb0TKzIBmhz3jYZJ4Eq,2025-04-09,1405,23.42
Ohb0TKzIBmhz3jYZJ4Eq,2025-04-10,1027,17.12
Ohb0TKzIBmhz3jYZJ4Eq,2025-04-11,1406,23.43
Ohb0TKzIBmhz3jYZJ4Eq,2025-04-12,1397,23.28
Ohb0TKzIBmhz3jYZJ4Eq,2025-04-13,1398,23.3
Ohb0TKzIBmhz3jYZJ4Eq,2025-04-14,1401,23.35
Ohb0TKzIBmhz3jYZJ4Eq,2025-04-15,1362,22.7
Ohb0TKzIBmhz3jYZJ4Eq,2025-04-16,1410,23.5
Ohb0TKzIBmhz3jYZJ4Eq,2025-04-17,1387,23.12
Ohb0TKzIBmhz3jYZJ4Eq,2025-04-18,1402,23.37
Ohb0TKzIBmhz3jYZJ4Eq,2025-04-19,1387,23.12
Ohb0TKzIBmhz3jYZJ4Eq,2025-04-20,1343,22.38
Ohb0TKzIBmhz3jYZJ4Eq,2025-04-21,1399,23.32
Ohb0TKzIBmhz3jYZJ4Eq,2025-04-22,1398,23.3
Ohb0TKzIBmhz3jYZJ4Eq,2025-04-23,1404,23.4
Ohb0TKzIBmhz3jYZJ4Eq,2025-04-24,1403,23.38
Ohb0TKzIBmhz3jYZJ4Eq,2025-04-25,1388,23.13
Ohb0TKzIBmhz3jYZJ4Eq,2025-04-26,1410,23.5
Ohb0TKzIBmhz3jYZJ4Eq,2025-04-27,1369,22.82
Ohb0TKzIBmhz3jYZJ4Eq,2025-04-28,1403,23.38
Ohb0TKzIBmhz3jYZJ4Eq,2025-04-29,1411,23.52
Ohb0TKzIBmhz3jYZJ4Eq,2025-04-30,1363,22.72
TQxEAP2h7ZW93YKzsM1u,2025-03-09,1022,17.03
TQxEAP2h7ZW93YKzsM1u,2025-03-10,1432,23.87
TQxEAP2h7ZW93YKzsM1u,2025-03-11,1440,24.0
TQxEAP2h7ZW93YKzsM1u,2025-03-12,1440,24.0
TQxEAP2h7ZW93YKzsM1u,2025-03-13,438,7.3
TQxEAP2h7ZW93YKzsM1u,2025-03-14,655,10.92
TQxEAP2h7ZW93YKzsM1u,2025-03-15,649,10.82
TQxEAP2h7ZW93YKzsM1u,2025-03-16,1046,17.43
TQxEAP2h7ZW93YKzsM1u,2025-03-17,1440,24.0
TQxEAP2h7ZW93YKzsM1u,2025-03-18,1440,24.0
TQxEAP2h7ZW93YKzsM1u,2025-03-19,1424,23.73
TQxEAP2h7ZW93YKzsM1u,2025-03-20,1440,24.0
TQxEAP2h7ZW93YKzsM1u,2025-03-21,1247,20.78
TQxEAP2h7ZW93YKzsM1u,2025-03-22,990,16.5
TQxEAP2h7ZW93YKzsM1u,2025-03-23,1431,23.85
TQxEAP2h7ZW93YKzsM1u,2025-03-24,1154,19.23
TQxEAP2h7ZW93YKzsM1u,2025-03-25,1126,18.77
TQxEAP2h7ZW93YKzsM1u,2025-03-26,1153,19.22
TQxEAP2h7ZW93YKzsM1u,2025-03-27,1032,17.2
TQxEAP2h7ZW93YKzsM1u,2025-03-28,1407,23.45
TQxEAP2h7ZW93YKzsM1u,2025-03-29,1353,22.55
TQxEAP2h7ZW93YKzsM1u,2025-03-30,1366,22.77
TQxEAP2h7ZW93YKzsM1u,2025-03-31,1439,23.98
TQxEAP2h7ZW93YKzsM1u,2025-04-01,1440,24.0
TQxEAP2h7ZW93YKzsM1u,2025-04-02,1439,23.98
TQxEAP2h7ZW93YKzsM1u,2025-04-03,1276,21.27
TQxEAP2h7ZW93YKzsM1u,2025-04-04,1075,17.92
TQxEAP2h7ZW93YKzsM1u,2025-04-05,1247,20.78
TQxEAP2h7ZW93YKzsM1u,2025-04-06,903,15.05
TQxEAP2h7ZW93YKzsM1u,2025-04-07,1118,18.63
TQxEAP2h7ZW93YKzsM1u,2025-04-08,1401,23.35
TQxEAP2h7ZW93YKzsM1u,2025-04-09,1440,24.0
TQxEAP2h7ZW93YKzsM1u,2025-04-10,1440,24.0
TQxEAP2h7ZW93YKzsM1u,2025-04-11,1264,21.07
TQxEAP2h7ZW93YKzsM1u,2025-04-12,1073,17.88
TQxEAP2h7ZW93YKzsM1u,2025-04-13,1440,24.0
TQxEAP2h7ZW93YKzsM1u,2025-04-14,1209,20.15
TQxEAP2h7ZW93YKzsM1u,2025-04-17,59,0.98
TQxEAP2h7ZW93YKzsM1u,2025-04-18,1432,23.87
TQxEAP2h7ZW93YKzsM1u,2025-04-19,1439,23.98
TQxEAP2h7ZW93YKzsM1u,2025-04-20,453,7.55
TQxEAP2h7ZW93YKzsM1u,2025-04-21,1120,18.67
TQxEAP2h7ZW93YKzsM1u,2025-04-22,1440,24.0
TQxEAP2h7ZW93YKzsM1u,2025-04-23,1439,23.98
TQxEAP2h7ZW93YKzsM1u,2025-04-24,1424,23.73
TQxEAP2h7ZW93YKzsM1u,2025-04-25,1391,23.18
TQxEAP2h7ZW93YKzsM1u,2025-04-26,1439,23.98
TQxEAP2h7ZW93YKzsM1u,2025-04-27,1425,23.75
TQxEAP2h7ZW93YKzsM1u,2025-04-28,1440,24.0
TQxEAP2h7ZW93YKzsM1u,2025-04-29,1440,24.0
TQxEAP2h7ZW93YKzsM1u,2025-04-30,1291,21.52
TRoLztbeWobe57Etdnif,2025-02-26,1003,16.72
TRoLztbeWobe57Etdnif,2025-02-27,1434,23.9
TRoLztbeWobe57Etdnif,2025-02-28,1211,20.18
TRoLztbeWobe57Etdnif,2025-03-01,909,15.15
TRoLztbeWobe57Etdnif,2025-03-02,1428,23.8
TRoLztbeWobe57Etdnif,2025-03-03,1002,16.7
TRoLztbeWobe57Etdnif,2025-03-04,1262,21.03
TRoLztbeWobe57Etdnif,2025-03-05,1001,16.68
TRoLztbeWobe57Etdnif,2025-03-06,1440,24.0
TRoLztbeWobe57Etdnif,2025-03-07,1279,21.32
TRoLztbeWobe57Etdnif,2025-03-08,1423,23.72
TRoLztbeWobe57Etdnif,2025-03-09,690,11.5
TRoLztbeWobe57Etdnif,2025-03-10,1428,23.8
TRoLztbeWobe57Etdnif,2025-03-11,1429,23.82
TRoLztbeWobe57Etdnif,2025-03-12,980,16.33
TRoLztbeWobe57Etdnif,2025-03-13,1197,19.95
TRoLztbeWobe57Etdnif,2025-03-14,1423,23.72
TRoLztbeWobe57Etdnif,2025-03-15,901,15.02
TRoLztbeWobe57Etdnif,2025-03-16,1406,23.43
TRoLztbeWobe57Etdnif,2025-03-17,796,13.27
TRoLztbeWobe57Etdnif,2025-03-18,999,16.65
TRoLztbeWobe57Etdnif,2025-03-19,982,16.37
TRoLztbeWobe57Etdnif,2025-03-20,999,16.65
TRoLztbeWobe57Etdnif,2025-03-21,1430,23.83
TRoLztbeWobe57Etdnif,2025-03-22,1429,23.82
TRoLztbeWobe57Etdnif,2025-03-23,105,1.75
TRoLztbeWobe57Etdnif,2025-03-24,528,8.8
TRoLztbeWobe57Etdnif,2025-03-25,985,16.42
TRoLztbeWobe57Etdnif,2025-03-26,1432,23.87
TRoLztbeWobe57Etdnif,2025-03-27,1431,23.85
TRoLztbeWobe57Etdnif,2025-03-28,1125,18.75
TRoLztbeWobe57Etdnif,2025-03-29,1432,23.87
TRoLztbeWobe57Etdnif,2025-03-30,1349,22.48
TRoLztbeWobe57Etdnif,2025-03-31,1440,24.0
TRoLztbeWobe57Etdnif,2025-04-01,1314,21.9
TRoLztbeWobe57Etdnif,2025-04-02,1182,19.7
TRoLztbeWobe57Etdnif,2025-04-03,1217,20.28
TRoLztbeWobe57Etdnif,2025-04-04,1435,23.92
TRoLztbeWobe57Etdnif,2025-04-05,1429,23.82
TRoLztbeWobe57Etdnif,2025-04-06,1437,23.95
TRoLztbeWobe57Etdnif,2025-04-07,1072,17.87
TRoLztbeWobe57Etdnif,2025-04-08,1429,23.82
TRoLztbeWobe57Etdnif,2025-04-09,1407,23.45
TRoLztbeWobe57Etdnif,2025-04-10,1000,16.67
TRoLztbeWobe57Etdnif,2025-04-11,1434,23.9
TRoLztbeWobe57Etdnif,2025-04-12,1030,17.17
TRoLztbeWobe57Etdnif,2025-04-13,1203,20.05
TRoLztbeWobe57Etdnif,2025-04-14,345,5.75
TRoLztbeWobe57Etdnif,2025-04-15,1432,23.87
TRoLztbeWobe57Etdnif,2025-04-16,1440,24.0
TRoLztbeWobe57Etdnif,2025-04-17,911,15.18
TRoLztbeWobe57Etdnif,2025-04-18,1429,23.82
TRoLztbeWobe57Etdnif,2025-04-19,1414,23.57
TRoLztbeWobe57Etdnif,2025-04-20,1119,18.65
TRoLztbeWobe57Etdnif,2025-04-21,769,12.82
TRoLztbeWobe57Etdnif,2025-04-22,1440,24.0
TRoLztbeWobe57Etdnif,2025-04-23,1440,24.0
TRoLztbeWobe57Etdnif,2025-04-24,1435,23.92
TRoLztbeWobe57Etdnif,2025-04-25,1262,21.03
TRoLztbeWobe57Etdnif,2025-04-26,1423,23.72
TRoLztbeWobe57Etdnif,2025-04-27,1305,21.75
TRoLztbeWobe57Etdnif,2025-04-28,1004,16.73
TRoLztbeWobe57Etdnif,2025-04-29,1426,23.77
TRoLztbeWobe57Etdnif,2025-04-30,1122,18.7
TeawxQVKn8IKZLs0UjoW,2025-02-26,819,13.65
TeawxQVKn8IKZLs0UjoW,2025-02-27,1023,17.05
TeawxQVKn8IKZLs0UjoW,2025-02-28,1114,18.57
TeawxQVKn8IKZLs0UjoW,2025-03-01,835,13.92
TeawxQVKn8IKZLs0UjoW,2025-03-02,848,14.13
TeawxQVKn8IKZLs0UjoW,2025-03-03,945,15.75
TeawxQVKn8IKZLs0UjoW,2025-03-04,950,15.83
TeawxQVKn8IKZLs0UjoW,2025-03-05,958,15.97
TeawxQVKn8IKZLs0UjoW,2025-03-06,990,16.5
TeawxQVKn8IKZLs0UjoW,2025-03-07,1034,17.23
TeawxQVKn8IKZLs0UjoW,2025-03-08,877,14.62
TeawxQVKn8IKZLs0UjoW,2025-03-09,956,15.93
TeawxQVKn8IKZLs0UjoW,2025-03-10,925,15.42
TeawxQVKn8IKZLs0UjoW,2025-03-11,920,15.33
TeawxQVKn8IKZLs0UjoW,2025-03-12,881,14.68
TeawxQVKn8IKZLs0UjoW,2025-03-13,927,15.45
TeawxQVKn8IKZLs0UjoW,2025-03-14,967,16.12
TeawxQVKn8IKZLs0UjoW,2025-03-15,854,14.23
TeawxQVKn8IKZLs0UjoW,2025-03-16,881,14.68
TeawxQVKn8IKZLs0UjoW,2025-03-17,1040,17.33
TeawxQVKn8IKZLs0UjoW,2025-03-18,1074,17.9
TeawxQVKn8IKZLs0UjoW,2025-03-19,879,14.65
TeawxQVKn8IKZLs0UjoW,2025-03-20,975,16.25
TeawxQVKn8IKZLs0UjoW,2025-03-21,979,16.32
TeawxQVKn8IKZLs0UjoW,2025-03-22,1018,16.97
TeawxQVKn8IKZLs0UjoW,2025-03-23,903,15.05
TeawxQVKn8IKZLs0UjoW,2025-03-24,1034,17.23
TeawxQVKn8IKZLs0UjoW,2025-03-25,1008,16.8
TeawxQVKn8IKZLs0UjoW,2025-03-26,912,15.2
TeawxQVKn8IKZLs0UjoW,2025-03-27,874,14.57
TeawxQVKn8IKZLs0UjoW,2025-03-28,946,15.77
TeawxQVKn8IKZLs0UjoW,2025-03-29,886,14.77
TeawxQVKn8IKZLs0UjoW,2025-03-30,1088,18.13
TeawxQVKn8IKZLs0UjoW,2025-03-31,1087,18.12
TeawxQVKn8IKZLs0UjoW,2025-04-01,1067,17.78
TeawxQVKn8IKZLs0UjoW,2025-04-02,988,16.47
TeawxQVKn8IKZLs0UjoW,2025-04-03,929,15.48
TeawxQVKn8IKZLs0UjoW,2025-04-04,1022,17.03
TeawxQVKn8IKZLs0UjoW,2025-04-05,768,12.8
TeawxQVKn8IKZLs0UjoW,2025-04-06,907,15.12
TeawxQVKn8IKZLs0UjoW,2025-04-07,934,15.57
TeawxQVKn8IKZLs0UjoW,2025-04-08,1028,17.13
TeawxQVKn8IKZLs0UjoW,2025-04-09,897,14.95
TeawxQVKn8IKZLs0UjoW,2025-04-10,1033,17.22
TeawxQVKn8IKZLs0UjoW,2025-04-11,993,16.55
TeawxQVKn8IKZLs0UjoW,2025-04-12,937,15.62
TeawxQVKn8IKZLs0UjoW,2025-04-13,825,13.75
TeawxQVKn8IKZLs0UjoW,2025-04-14,865,14.42
TeawxQVKn8IKZLs0UjoW,2025-04-15,935,15.58
TeawxQVKn8IKZLs0UjoW,2025-04-16,947,15.78
TeawxQVKn8IKZLs0UjoW,2025-04-17,966,16.1
TeawxQVKn8IKZLs0UjoW,2025-04-18,881,14.68
TeawxQVKn8IKZLs0UjoW,2025-04-19,930,15.5
TeawxQVKn8IKZLs0UjoW,2025-04-20,1027,17.12
TeawxQVKn8IKZLs0UjoW,2025-04-21,1054,17.57
TeawxQVKn8IKZLs0UjoW,2025-04-22,1075,17.92
TeawxQVKn8IKZLs0UjoW,2025-04-23,853,14.22
TeawxQVKn8IKZLs0UjoW,2025-04-24,942,15.7
TeawxQVKn8IKZLs0UjoW,2025-04-25,1031,17.18
TeawxQVKn8IKZLs0UjoW,2025-04-26,1035,17.25
TeawxQVKn8IKZLs0UjoW,2025-04-27,804,13.4
TeawxQVKn8IKZLs0UjoW,2025-04-28,967,16.12
TeawxQVKn8IKZLs0UjoW,2025-04-29,1017,16.95
TeawxQVKn8IKZLs0UjoW,2025-04-30,762,12.7
VmxG8sZ3CXzdnUljnPPC,2025-02-26,1424,23.73
VmxG8sZ3CXzdnUljnPPC,2025-02-27,1417,23.62
VmxG8sZ3CXzdnUljnPPC,2025-02-28,1423,23.72
VmxG8sZ3CXzdnUljnPPC,2025-03-01,1410,23.5
VmxG8sZ3CXzdnUljnPPC,2025-03-02,1372,22.87
VmxG8sZ3CXzdnUljnPPC,2025-03-03,1429,23.82
VmxG8sZ3CXzdnUljnPPC,2025-03-04,1427,23.78
VmxG8sZ3CXzdnUljnPPC,2025-03-05,1418,23.63
VmxG8sZ3CXzdnUljnPPC,2025-03-06,1425,23.75
VmxG8sZ3CXzdnUljnPPC,2025-03-07,1420,23.67
VmxG8sZ3CXzdnUljnPPC,2025-03-08,1422,23.7
VmxG8sZ3CXzdnUljnPPC,2025-03-09,1384,23.07
VmxG8sZ3CXzdnUljnPPC,2025-03-10,1420,23.67
VmxG8sZ3CXzdnUljnPPC,2025-03-11,1423,23.72
VmxG8sZ3CXzdnUljnPPC,2025-03-12,1409,23.48
VmxG8sZ3CXzdnUljnPPC,2025-03-13,750,12.5
VmxG8sZ3CXzdnUljnPPC,2025-03-14,1416,23.6
VmxG8sZ3CXzdnUljnPPC,2025-03-15,1420,23.67
VmxG8sZ3CXzdnUljnPPC,2025-03-16,1356,22.6
VmxG8sZ3CXzdnUljnPPC,2025-03-17,1427,23.78
VmxG8sZ3CXzdnUljnPPC,2025-03-18,1426,23.77
VmxG8sZ3CXzdnUljnPPC,2025-03-19,1419,23.65
VmxG8sZ3CXzdnUljnPPC,2025-03-20,1429,23.82
VmxG8sZ3CXzdnUljnPPC,2025-03-21,1395,23.25
VmxG8sZ3CXzdnUljnPPC,2025-03-22,1274,21.23
VmxG8sZ3CXzdnUljnPPC,2025-03-23,1410,23.5
VmxG8sZ3CXzdnUljnPPC,2025-03-24,1420,23.67
VmxG8sZ3CXzdnUljnPPC,2025-03-25,1424,23.73
VmxG8sZ3CXzdnUljnPPC,2025-03-26,1423,23.72
VmxG8sZ3CXzdnUljnPPC,2025-03-27,1429,23.82
VmxG8sZ3CXzdnUljnPPC,2025-03-28,1433,23.88
VmxG8sZ3CXzdnUljnPPC,2025-03-29,1346,22.43
VmxG8sZ3CXzdnUljnPPC,2025-03-30,1424,23.73
VmxG8sZ3CXzdnUljnPPC,2025-03-31,1419,23.65
VmxG8sZ3CXzdnUljnPPC,2025-04-01,1422,23.7
VmxG8sZ3CXzdnUljnPPC,2025-04-02,1422,23.7
VmxG8sZ3CXzdnUljnPPC,2025-04-03,1421,23.68
VmxG8sZ3CXzdnUljnPPC,2025-04-04,1420,23.67
VmxG8sZ3CXzdnUljnPPC,2025-04-05,1427,23.78
VmxG8sZ3CXzdnUljnPPC,2025-04-06,1411,23.52
VmxG8sZ3CXzdnUljnPPC,2025-04-07,1424,23.73
VmxG8sZ3CXzdnUljnPPC,2025-04-08,1415,23.58
VmxG8sZ3CXzdnUljnPPC,2025-04-09,1422,23.7
VmxG8sZ3CXzdnUljnPPC,2025-04-10,1425,23.75
VmxG8sZ3CXzdnUljnPPC,2025-04-11,1410,23.5
VmxG8sZ3CXzdnUljnPPC,2025-04-12,874,14.57
VmxG8sZ3CXzdnUljnPPC,2025-04-13,1425,23.75
VmxG8sZ3CXzdnUljnPPC,2025-04-14,1422,23.7
VmxG8sZ3CXzdnUljnPPC,2025-04-15,1423,23.72
VmxG8sZ3CXzdnUljnPPC,2025-04-16,1422,23.7
VmxG8sZ3CXzdnUljnPPC,2025-04-17,1422,23.7
VmxG8sZ3CXzdnUljnPPC,2025-04-18,1422,23.7
VmxG8sZ3CXzdnUljnPPC,2025-04-19,1427,23.78
VmxG8sZ3CXzdnUljnPPC,2025-04-20,1424,23.73
VmxG8sZ3CXzdnUljnPPC,2025-04-21,1401,23.35
VmxG8sZ3CXzdnUljnPPC,2025-04-22,1418,23.63
VmxG8sZ3CXzdnUljnPPC,2025-04-23,1426,23.77
VmxG8sZ3CXzdnUljnPPC,2025-04-24,1424,23.73
VmxG8sZ3CXzdnUljnPPC,2025-04-25,1373,22.88
VmxG8sZ3CXzdnUljnPPC,2025-04-26,1426,23.77
VmxG8sZ3CXzdnUljnPPC,2025-04-27,1411,23.52
VmxG8sZ3CXzdnUljnPPC,2025-04-28,1423,23.72
VmxG8sZ3CXzdnUljnPPC,2025-04-29,1421,23.68
VmxG8sZ3CXzdnUljnPPC,2025-04-30,1421,23.68
VsVGqSabr41jktvT6gLN,2025-02-26,1440,24.0
VsVGqSabr41jktvT6gLN,2025-02-27,1399,23.32
VsVGqSabr41jktvT6gLN,2025-02-28,1440,24.0
VsVGqSabr41jktvT6gLN,2025-03-01,1188,19.8
VsVGqSabr41jktvT6gLN,2025-03-02,1440,24.0
VsVGqSabr41jktvT6gLN,2025-03-03,1423,23.72
VsVGqSabr41jktvT6gLN,2025-03-04,1440,24.0
VsVGqSabr41jktvT6gLN,2025-03-05,1376,22.93
VsVGqSabr41jktvT6gLN,2025-03-06,1336,22.27
VsVGqSabr41jktvT6gLN,2025-03-07,1410,23.5
VsVGqSabr41jktvT6gLN,2025-03-08,1440,24.0
VsVGqSabr41jktvT6gLN,2025-03-09,1302,21.7
VsVGqSabr41jktvT6gLN,2025-03-10,1349,22.48
VsVGqSabr41jktvT6gLN,2025-03-11,1241,20.68
VsVGqSabr41jktvT6gLN,2025-03-12,1440,24.0
VsVGqSabr41jktvT6gLN,2025-03-13,1212,20.2
VsVGqSabr41jktvT6gLN,2025-03-14,1412,23.53
VsVGqSabr41jktvT6gLN,2025-03-15,1388,23.13
VsVGqSabr41jktvT6gLN,2025-03-16,1358,22.63
VsVGqSabr41jktvT6gLN,2025-03-17,1408,23.47
VsVGqSabr41jktvT6gLN,2025-03-18,1384,23.07
VsVGqSabr41jktvT6gLN,2025-03-19,1440,24.0
VsVGqSabr41jktvT6gLN,2025-03-20,1389,23.15
VsVGqSabr41jktvT6gLN,2025-03-21,1440,24.0
VsVGqSabr41jktvT6gLN,2025-03-22,1384,23.07
VsVGqSabr41jktvT6gLN,2025-03-23,1440,24.0
VsVGqSabr41jktvT6gLN,2025-03-24,1392,23.2
VsVGqSabr41jktvT6gLN,2025-03-25,1269,21.15
VsVGqSabr41jktvT6gLN,2025-03-26,1412,23.53
VsVGqSabr41jktvT6gLN,2025-03-27,1440,24.0
VsVGqSabr41jktvT6gLN,2025-03-28,1374,22.9
VsVGqSabr41jktvT6gLN,2025-03-29,1372,22.87
VsVGqSabr41jktvT6gLN,2025-03-30,1413,23.55
VsVGqSabr41jktvT6gLN,2025-03-31,1379,22.98
VsVGqSabr41jktvT6gLN,2025-04-01,1429,23.82
VsVGqSabr41jktvT6gLN,2025-04-02,1405,23.42
VsVGqSabr41jktvT6gLN,2025-04-03,1440,24.0
VsVGqSabr41jktvT6gLN,2025-04-04,1396,23.27
VsVGqSabr41jktvT6gLN,2025-04-05,1359,22.65
VsVGqSabr41jktvT6gLN,2025-04-06,1365,22.75
VsVGqSabr41jktvT6gLN,2025-04-07,1391,23.18
VsVGqSabr41jktvT6gLN,2025-04-08,1279,21.32
VsVGqSabr41jktvT6gLN,2025-04-09,1440,24.0
VsVGqSabr41jktvT6gLN,2025-04-10,1440,24.0
VsVGqSabr41jktvT6gLN,2025-04-11,1396,23.27
VsVGqSabr41jktvT6gLN,2025-04-12,1402,23.37
VsVGqSabr41jktvT6gLN,2025-04-13,1374,22.9
VsVGqSabr41jktvT6gLN,2025-04-14,1358,22.63
VsVGqSabr41jktvT6gLN,2025-04-15,1440,24.0
VsVGqSabr41jktvT6gLN,2025-04-16,1356,22.6
VsVGqSabr41jktvT6gLN,2025-04-17,1440,24.0
VsVGqSabr41jktvT6gLN,2025-04-18,1375,22.92
VsVGqSabr41jktvT6gLN,2025-04-19,1440,24.0
VsVGqSabr41jktvT6gLN,2025-04-20,1339,22.32
VsVGqSabr41jktvT6gLN,2025-04-21,1440,24.0
VsVGqSabr41jktvT6gLN,2025-04-22,1372,22.87
VsVGqSabr41jktvT6gLN,2025-04-23,1440,24.0
VsVGqSabr41jktvT6gLN,2025-04-24,1387,23.12
VsVGqSabr41jktvT6gLN,2025-04-25,1440,24.0
VsVGqSabr41jktvT6gLN,2025-04-26,1351,22.52
VsVGqSabr41jktvT6gLN,2025-04-27,1373,22.88
VsVGqSabr41jktvT6gLN,2025-04-28,1360,22.67
VsVGqSabr41jktvT6gLN,2025-04-29,1292,21.53
VsVGqSabr41jktvT6gLN,2025-04-30,1342,22.37
XrpORwShj6Qit9Aq4hS1,2025-02-26,1422,23.7
XrpORwShj6Qit9Aq4hS1,2025-02-27,1426,23.77
XrpORwShj6Qit9Aq4hS1,2025-02-28,1425,23.75
XrpORwShj6Qit9Aq4hS1,2025-03-01,1431,23.85
XrpORwShj6Qit9Aq4hS1,2025-03-02,1406,23.43
XrpORwShj6Qit9Aq4hS1,2025-03-03,1439,23.98
XrpORwShj6Qit9Aq4hS1,2025-03-04,1403,23.38
XrpORwShj6Qit9Aq4hS1,2025-03-05,1440,24.0
XrpORwShj6Qit9Aq4hS1,2025-03-06,1440,24.0
XrpORwShj6Qit9Aq4hS1,2025-03-07,1440,24.0
XrpORwShj6Qit9Aq4hS1,2025-03-08,1372,22.87
XrpORwShj6Qit9Aq4hS1,2025-03-09,1380,23.0
XrpORwShj6Qit9Aq4hS1,2025-03-10,1440,24.0
XrpORwShj6Qit9Aq4hS1,2025-03-11,1438,23.97
XrpORwShj6Qit9Aq4hS1,2025-03-12,1440,24.0
XrpORwShj6Qit9Aq4hS1,2025-03-13,1429,23.82
XrpORwShj6Qit9Aq4hS1,2025-03-14,1193,19.88
XrpORwShj6Qit9Aq4hS1,2025-03-15,1439,23.98
XrpORwShj6Qit9Aq4hS1,2025-03-16,1004,16.73
XrpORwShj6Qit9Aq4hS1,2025-03-17,1062,17.7
XrpORwShj6Qit9Aq4hS1,2025-03-18,1435,23.92
XrpORwShj6Qit9Aq4hS1,2025-03-19,1403,23.38
XrpORwShj6Qit9Aq4hS1,2025-03-20,774,12.9
XrpORwShj6Qit9Aq4hS1,2025-03-21,1440,24.0
XrpORwShj6Qit9Aq4hS1,2025-03-22,1439,23.98
XrpORwShj6Qit9Aq4hS1,2025-03-23,1438,23.97
XrpORwShj6Qit9Aq4hS1,2025-03-24,1440,24.0
XrpORwShj6Qit9Aq4hS1,2025-03-25,1440,24.0
XrpORwShj6Qit9Aq4hS1,2025-03-26,1440,24.0
XrpORwShj6Qit9Aq4hS1,2025-03-27,1433,23.88
XrpORwShj6Qit9Aq4hS1,2025-03-28,1283,21.38
XrpORwShj6Qit9Aq4hS1,2025-03-29,1439,23.98
XrpORwShj6Qit9Aq4hS1,2025-03-30,1437,23.95
XrpORwShj6Qit9Aq4hS1,2025-03-31,1424,23.73
XrpORwShj6Qit9Aq4hS1,2025-04-01,1438,23.97
XrpORwShj6Qit9Aq4hS1,2025-04-02,1433,23.88
XrpORwShj6Qit9Aq4hS1,2025-04-03,1432,23.87
XrpORwShj6Qit9Aq4hS1,2025-04-04,1214,20.23
XrpORwShj6Qit9Aq4hS1,2025-04-05,1439,23.98
XrpORwShj6Qit9Aq4hS1,2025-04-06,1433,23.88
XrpORwShj6Qit9Aq4hS1,2025-04-07,1440,24.0
XrpORwShj6Qit9Aq4hS1,2025-04-08,1421,23.68
XrpORwShj6Qit9Aq4hS1,2025-04-09,1440,24.0
XrpORwShj6Qit9Aq4hS1,2025-04-10,1440,24.0
XrpORwShj6Qit9Aq4hS1,2025-04-11,1390,23.17
XrpORwShj6Qit9Aq4hS1,2025-04-12,1440,24.0
XrpORwShj6Qit9Aq4hS1,2025-04-13,1439,23.98
XrpORwShj6Qit9Aq4hS1,2025-04-14,1438,23.97
XrpORwShj6Qit9Aq4hS1,2025-04-15,1439,23.98
XrpORwShj6Qit9Aq4hS1,2025-04-16,1381,23.02
XrpORwShj6Qit9Aq4hS1,2025-04-17,1439,23.98
XrpORwShj6Qit9Aq4hS1,2025-04-18,1440,24.0
XrpORwShj6Qit9Aq4hS1,2025-04-19,1326,22.1
XrpORwShj6Qit9Aq4hS1,2025-04-20,1440,24.0
XrpORwShj6Qit9Aq4hS1,2025-04-21,1418,23.63
XrpORwShj6Qit9Aq4hS1,2025-04-22,1440,24.0
XrpORwShj6Qit9Aq4hS1,2025-04-23,1439,23.98
XrpORwShj6Qit9Aq4hS1,2025-04-24,1421,23.68
XrpORwShj6Qit9Aq4hS1,2025-04-25,1254,20.9
XrpORwShj6Qit9Aq4hS1,2025-04-26,1403,23.38
XrpORwShj6Qit9Aq4hS1,2025-04-27,1437,23.95
XrpORwShj6Qit9Aq4hS1,2025-04-28,1438,23.97
XrpORwShj6Qit9Aq4hS1,2025-04-29,1440,24.0
XrpORwShj6Qit9Aq4hS1,2025-04-30,1440,24.0
Zqm5epVrcyI44hGpTO2c,2025-02-26,1227,20.45
Zqm5epVrcyI44hGpTO2c,2025-02-27,1320,22.0
Zqm5epVrcyI44hGpTO2c,2025-02-28,1358,22.63
Zqm5epVrcyI44hGpTO2c,2025-03-01,1135,18.92
Zqm5epVrcyI44hGpTO2c,2025-03-02,1128,18.8
Zqm5epVrcyI44hGpTO2c,2025-03-03,1225,20.42
Zqm5epVrcyI44hGpTO2c,2025-03-04,1365,22.75
Zqm5epVrcyI44hGpTO2c,2025-03-05,1365,22.75
Zqm5epVrcyI44hGpTO2c,2025-03-06,1191,19.85
Zqm5epVrcyI44hGpTO2c,2025-03-07,1340,22.33
Zqm5epVrcyI44hGpTO2c,2025-03-08,871,14.52
Zqm5epVrcyI44hGpTO2c,2025-03-09,1175,19.58
Zqm5epVrcyI44hGpTO2c,2025-03-10,889,14.82
Zqm5epVrcyI44hGpTO2c,2025-03-11,1331,22.18
Zqm5epVrcyI44hGpTO2c,2025-03-12,1339,22.32
Zqm5epVrcyI44hGpTO2c,2025-03-13,1306,21.77
Zqm5epVrcyI44hGpTO2c,2025-03-14,1367,22.78
Zqm5epVrcyI44hGpTO2c,2025-03-15,1284,21.4
Zqm5epVrcyI44hGpTO2c,2025-03-16,1362,22.7
Zqm5epVrcyI44hGpTO2c,2025-03-17,1400,23.33
Zqm5epVrcyI44hGpTO2c,2025-03-18,1178,19.63
Zqm5epVrcyI44hGpTO2c,2025-03-19,1350,22.5
Zqm5epVrcyI44hGpTO2c,2025-03-20,1242,20.7
Zqm5epVrcyI44hGpTO2c,2025-03-21,1362,22.7
Zqm5epVrcyI44hGpTO2c,2025-03-22,1376,22.93
Zqm5epVrcyI44hGpTO2c,2025-03-23,1368,22.8
Zqm5epVrcyI44hGpTO2c,2025-03-24,1353,22.55
Zqm5epVrcyI44hGpTO2c,2025-03-25,1230,20.5
Zqm5epVrcyI44hGpTO2c,2025-03-26,1273,21.22
Zqm5epVrcyI44hGpTO2c,2025-03-27,1273,21.22
Zqm5epVrcyI44hGpTO2c,2025-03-28,1314,21.9
Zqm5epVrcyI44hGpTO2c,2025-03-29,1259,20.98
Zqm5epVrcyI44hGpTO2c,2025-03-30,1344,22.4
Zqm5epVrcyI44hGpTO2c,2025-03-31,1348,22.47
Zqm5epVrcyI44hGpTO2c,2025-04-01,1333,22.22
Zqm5epVrcyI44hGpTO2c,2025-04-02,1358,22.63
Zqm5epVrcyI44hGpTO2c,2025-04-03,1323,22.05
Zqm5epVrcyI44hGpTO2c,2025-04-04,1340,22.33
Zqm5epVrcyI44hGpTO2c,2025-04-05,1057,17.62
Zqm5epVrcyI44hGpTO2c,2025-04-06,1355,22.58
Zqm5epVrcyI44hGpTO2c,2025-04-07,866,14.43
Zqm5epVrcyI44hGpTO2c,2025-04-08,1307,21.78
Zqm5epVrcyI44hGpTO2c,2025-04-09,1346,22.43
Zqm5epVrcyI44hGpTO2c,2025-04-10,1370,22.83
Zqm5epVrcyI44hGpTO2c,2025-04-11,945,15.75
Zqm5epVrcyI44hGpTO2c,2025-04-12,1440,24.0
Zqm5epVrcyI44hGpTO2c,2025-04-13,593,9.88
Zqm5epVrcyI44hGpTO2c,2025-04-14,553,9.22
Zqm5epVrcyI44hGpTO2c,2025-04-15,1346,22.43
Zqm5epVrcyI44hGpTO2c,2025-04-16,1196,19.93
Zqm5epVrcyI44hGpTO2c,2025-04-17,895,14.92
Zqm5epVrcyI44hGpTO2c,2025-04-18,1291,21.52
Zqm5epVrcyI44hGpTO2c,2025-04-19,536,8.93
Zqm5epVrcyI44hGpTO2c,2025-04-21,744,12.4
Zqm5epVrcyI44hGpTO2c,2025-04-22,1296,21.6
Zqm5epVrcyI44hGpTO2c,2025-04-23,1218,20.3
Zqm5epVrcyI44hGpTO2c,2025-04-24,668,11.13
Zqm5epVrcyI44hGpTO2c,2025-04-25,1322,22.03
Zqm5epVrcyI44hGpTO2c,2025-04-26,1293,21.55
Zqm5epVrcyI44hGpTO2c,2025-04-27,1249,20.82
Zqm5epVrcyI44hGpTO2c,2025-04-28,837,13.95
Zqm5epVrcyI44hGpTO2c,2025-04-29,904,15.07
Zqm5epVrcyI44hGpTO2c,2025-04-30,1362,22.7
cXQqwEwIHUTYC3x6ESln,2025-02-26,1168,19.47
cXQqwEwIHUTYC3x6ESln,2025-02-27,1268,21.13
cXQqwEwIHUTYC3x6ESln,2025-02-28,1387,23.12
cXQqwEwIHUTYC3x6ESln,2025-03-01,1440,24.0
cXQqwEwIHUTYC3x6ESln,2025-03-02,1440,24.0
cXQqwEwIHUTYC3x6ESln,2025-03-03,1440,24.0
cXQqwEwIHUTYC3x6ESln,2025-03-04,1436,23.93
cXQqwEwIHUTYC3x6ESln,2025-03-05,1440,24.0
cXQqwEwIHUTYC3x6ESln,2025-03-06,772,12.87
cXQqwEwIHUTYC3x6ESln,2025-03-07,1440,24.0
cXQqwEwIHUTYC3x6ESln,2025-03-08,1440,24.0
cXQqwEwIHUTYC3x6ESln,2025-03-09,1440,24.0
cXQqwEwIHUTYC3x6ESln,2025-03-10,1439,23.98
cXQqwEwIHUTYC3x6ESln,2025-03-11,1440,24.0
cXQqwEwIHUTYC3x6ESln,2025-03-12,1440,24.0
cXQqwEwIHUTYC3x6ESln,2025-03-13,1237,20.62
cXQqwEwIHUTYC3x6ESln,2025-03-14,1440,24.0
cXQqwEwIHUTYC3x6ESln,2025-03-15,1440,24.0
cXQqwEwIHUTYC3x6ESln,2025-03-16,1440,24.0
cXQqwEwIHUTYC3x6ESln,2025-03-17,1440,24.0
cXQqwEwIHUTYC3x6ESln,2025-03-18,70,1.17
cXQqwEwIHUTYC3x6ESln,2025-03-23,318,5.3
cXQqwEwIHUTYC3x6ESln,2025-03-24,1350,22.5
cXQqwEwIHUTYC3x6ESln,2025-03-27,1042,17.37
cXQqwEwIHUTYC3x6ESln,2025-03-28,1440,24.0
cXQqwEwIHUTYC3x6ESln,2025-03-29,1295,21.58
cXQqwEwIHUTYC3x6ESln,2025-04-03,332,5.53
cXQqwEwIHUTYC3x6ESln,2025-04-04,1440,24.0
cXQqwEwIHUTYC3x6ESln,2025-04-05,1440,24.0
cXQqwEwIHUTYC3x6ESln,2025-04-06,715,11.92
cXQqwEwIHUTYC3x6ESln,2025-04-08,1048,17.47
cXQqwEwIHUTYC3x6ESln,2025-04-09,1440,24.0
cXQqwEwIHUTYC3x6ESln,2025-04-10,669,11.15
cXQqwEwIHUTYC3x6ESln,2025-04-12,1037,17.28
cXQqwEwIHUTYC3x6ESln,2025-04-13,334,5.57
cXQqwEwIHUTYC3x6ESln,2025-04-14,1054,17.57
cXQqwEwIHUTYC3x6ESln,2025-04-15,1440,24.0
cXQqwEwIHUTYC3x6ESln,2025-04-16,632,10.53
cXQqwEwIHUTYC3x6ESln,2025-04-18,373,6.22
cXQqwEwIHUTYC3x6ESln,2025-04-19,1399,23.32
cXQqwEwIHUTYC3x6ESln,2025-04-20,1440,24.0
cXQqwEwIHUTYC3x6ESln,2025-04-21,1439,23.98
cXQqwEwIHUTYC3x6ESln,2025-04-22,958,15.97
cXQqwEwIHUTYC3x6ESln,2025-04-23,42,0.7
cXQqwEwIHUTYC3x6ESln,2025-04-24,1440,24.0
cXQqwEwIHUTYC3x6ESln,2025-04-25,1439,23.98
cXQqwEwIHUTYC3x6ESln,2025-04-26,1440,24.0
cXQqwEwIHUTYC3x6ESln,2025-04-27,410,6.83
cXQqwEwIHUTYC3x6ESln,2025-04-28,1172,19.53
cXQqwEwIHUTYC3x6ESln,2025-04-29,1,0.02
cXQqwEwIHUTYC3x6ESln,2025-04-30,2,0.03
eSFsS3zCT4ut8tyXi6k4,2025-02-26,1423,23.72
eSFsS3zCT4ut8tyXi6k4,2025-02-27,1426,23.77
eSFsS3zCT4ut8tyXi6k4,2025-02-28,1421,23.68
eSFsS3zCT4ut8tyXi6k4,2025-03-01,1418,23.63
eSFsS3zCT4ut8tyXi6k4,2025-03-02,1425,23.75
eSFsS3zCT4ut8tyXi6k4,2025-03-03,1244,20.73
eSFsS3zCT4ut8tyXi6k4,2025-03-04,1427,23.78
eSFsS3zCT4ut8tyXi6k4,2025-03-05,1423,23.72
eSFsS3zCT4ut8tyXi6k4,2025-03-06,1428,23.8
eSFsS3zCT4ut8tyXi6k4,2025-03-07,1421,23.68
eSFsS3zCT4ut8tyXi6k4,2025-03-08,1422,23.7
eSFsS3zCT4ut8tyXi6k4,2025-03-09,1355,22.58
eSFsS3zCT4ut8tyXi6k4,2025-03-10,1428,23.8
eSFsS3zCT4ut8tyXi6k4,2025-03-11,1344,22.4
eSFsS3zCT4ut8tyXi6k4,2025-03-12,1422,23.7
eSFsS3zCT4ut8tyXi6k4,2025-03-13,1417,23.62
eSFsS3zCT4ut8tyXi6k4,2025-03-14,1424,23.73
eSFsS3zCT4ut8tyXi6k4,2025-03-15,1427,23.78
eSFsS3zCT4ut8tyXi6k4,2025-03-16,1421,23.68
eSFsS3zCT4ut8tyXi6k4,2025-03-17,1384,23.07
eSFsS3zCT4ut8tyXi6k4,2025-03-18,1419,23.65
eSFsS3zCT4ut8tyXi6k4,2025-03-19,1423,23.72
eSFsS3zCT4ut8tyXi6k4,2025-03-20,1423,23.72
eSFsS3zCT4ut8tyXi6k4,2025-03-21,1416,23.6
eSFsS3zCT4ut8tyXi6k4,2025-03-22,1423,23.72
eSFsS3zCT4ut8tyXi6k4,2025-03-23,1409,23.48
eSFsS3zCT4ut8tyXi6k4,2025-03-24,1391,23.18
eSFsS3zCT4ut8tyXi6k4,2025-03-25,1416,23.6
eSFsS3zCT4ut8tyXi6k4,2025-03-26,1409,23.48
eSFsS3zCT4ut8tyXi6k4,2025-03-27,1421,23.68
eSFsS3zCT4ut8tyXi6k4,2025-03-28,1425,23.75
eSFsS3zCT4ut8tyXi6k4,2025-03-29,1407,23.45
eSFsS3zCT4ut8tyXi6k4,2025-03-30,1423,23.72
eSFsS3zCT4ut8tyXi6k4,2025-03-31,1400,23.33
eSFsS3zCT4ut8tyXi6k4,2025-04-01,1421,23.68
eSFsS3zCT4ut8tyXi6k4,2025-04-02,1424,23.73
eSFsS3zCT4ut8tyXi6k4,2025-04-03,1334,22.23
eSFsS3zCT4ut8tyXi6k4,2025-04-04,1426,23.77
eSFsS3zCT4ut8tyXi6k4,2025-04-05,1420,23.67
eSFsS3zCT4ut8tyXi6k4,2025-04-06,1295,21.58
eSFsS3zCT4ut8tyXi6k4,2025-04-07,1421,23.68
eSFsS3zCT4ut8tyXi6k4,2025-04-08,1421,23.68
eSFsS3zCT4ut8tyXi6k4,2025-04-09,1427,23.78
eSFsS3zCT4ut8tyXi6k4,2025-04-10,1423,23.72
eSFsS3zCT4ut8tyXi6k4,2025-04-11,1427,23.78
eSFsS3zCT4ut8tyXi6k4,2025-04-12,1423,23.72
eSFsS3zCT4ut8tyXi6k4,2025-04-13,1351,22.52
eSFsS3zCT4ut8tyXi6k4,2025-04-14,1425,23.75
eSFsS3zCT4ut8tyXi6k4,2025-04-15,1424,23.73
eSFsS3zCT4ut8tyXi6k4,2025-04-16,1425,23.75
eSFsS3zCT4ut8tyXi6k4,2025-04-17,1426,23.77
eSFsS3zCT4ut8tyXi6k4,2025-04-18,1421,23.68
eSFsS3zCT4ut8tyXi6k4,2025-04-19,1423,23.72
eSFsS3zCT4ut8tyXi6k4,2025-04-20,1422,23.7
eSFsS3zCT4ut8tyXi6k4,2025-04-21,1244,20.73
eSFsS3zCT4ut8tyXi6k4,2025-04-22,1427,23.78
eSFsS3zCT4ut8tyXi6k4,2025-04-23,1430,23.83
eSFsS3zCT4ut8tyXi6k4,2025-04-24,1428,23.8
eSFsS3zCT4ut8tyXi6k4,2025-04-25,1425,23.75
eSFsS3zCT4ut8tyXi6k4,2025-04-26,1426,23.77
eSFsS3zCT4ut8tyXi6k4,2025-04-27,1424,23.73
eSFsS3zCT4ut8tyXi6k4,2025-04-28,1428,23.8
eSFsS3zCT4ut8tyXi6k4,2025-04-29,1308,21.8
eSFsS3zCT4ut8tyXi6k4,2025-04-30,1426,23.77
eu8A02K19NdVI9hISNwg,2025-02-26,1440,24.0
eu8A02K19NdVI9hISNwg,2025-02-27,1437,23.95
eu8A02K19NdVI9hISNwg,2025-02-28,1439,23.98
eu8A02K19NdVI9hISNwg,2025-03-01,1439,23.98
eu8A02K19NdVI9hISNwg,2025-03-02,1161,19.35
eu8A02K19NdVI9hISNwg,2025-03-03,1440,24.0
eu8A02K19NdVI9hISNwg,2025-03-04,1440,24.0
eu8A02K19NdVI9hISNwg,2025-03-05,1440,24.0
eu8A02K19NdVI9hISNwg,2025-03-06,1440,24.0
eu8A02K19NdVI9hISNwg,2025-03-07,1439,23.98
eu8A02K19NdVI9hISNwg,2025-03-08,474,7.9
eu8A02K19NdVI9hISNwg,2025-03-15,726,12.1
eu8A02K19NdVI9hISNwg,2025-03-16,1327,22.12
eu8A02K19NdVI9hISNwg,2025-03-17,1440,24.0
eu8A02K19NdVI9hISNwg,2025-03-18,1376,22.93
eu8A02K19NdVI9hISNwg,2025-03-19,1440,24.0
eu8A02K19NdVI9hISNwg,2025-03-20,1439,23.98
eu8A02K19NdVI9hISNwg,2025-03-21,1440,24.0
eu8A02K19NdVI9hISNwg,2025-03-22,1332,22.2
eu8A02K19NdVI9hISNwg,2025-03-23,1354,22.57
eu8A02K19NdVI9hISNwg,2025-03-24,1437,23.95
eu8A02K19NdVI9hISNwg,2025-03-25,1440,24.0
eu8A02K19NdVI9hISNwg,2025-03-26,1440,24.0
eu8A02K19NdVI9hISNwg,2025-03-27,1372,22.87
eu8A02K19NdVI9hISNwg,2025-03-28,1335,22.25
eu8A02K19NdVI9hISNwg,2025-03-29,1373,22.88
eu8A02K19NdVI9hISNwg,2025-03-30,1440,24.0
eu8A02K19NdVI9hISNwg,2025-03-31,1440,24.0
eu8A02K19NdVI9hISNwg,2025-04-01,1440,24.0
eu8A02K19NdVI9hISNwg,2025-04-02,1440,24.0
eu8A02K19NdVI9hISNwg,2025-04-03,1438,23.97
eu8A02K19NdVI9hISNwg,2025-04-04,1238,20.63
eu8A02K19NdVI9hISNwg,2025-04-05,1440,24.0
eu8A02K19NdVI9hISNwg,2025-04-06,1440,24.0
eu8A02K19NdVI9hISNwg,2025-04-07,1440,24.0
eu8A02K19NdVI9hISNwg,2025-04-08,1440,24.0
eu8A02K19NdVI9hISNwg,2025-04-09,1440,24.0
eu8A02K19NdVI9hISNwg,2025-04-10,1440,24.0
eu8A02K19NdVI9hISNwg,2025-04-11,1253,20.88
eu8A02K19NdVI9hISNwg,2025-04-12,1440,24.0
eu8A02K19NdVI9hISNwg,2025-04-13,1440,24.0
eu8A02K19NdVI9hISNwg,2025-04-14,1440,24.0
eu8A02K19NdVI9hISNwg,2025-04-15,1439,23.98
eu8A02K19NdVI9hISNwg,2025-04-16,1440,24.0
eu8A02K19NdVI9hISNwg,2025-04-17,1440,24.0
eu8A02K19NdVI9hISNwg,2025-04-18,1388,23.13
eu8A02K19NdVI9hISNwg,2025-04-19,1436,23.93
eu8A02K19NdVI9hISNwg,2025-04-20,1436,23.93
eu8A02K19NdVI9hISNwg,2025-04-21,1438,23.97
eu8A02K19NdVI9hISNwg,2025-04-22,1438,23.97
eu8A02K19NdVI9hISNwg,2025-04-23,993,16.55
eu8A02K19NdVI9hISNwg,2025-04-24,1433,23.88
eu8A02K19NdVI9hISNwg,2025-04-25,1440,24.0
eu8A02K19NdVI9hISNwg,2025-04-26,1440,24.0
eu8A02K19NdVI9hISNwg,2025-04-27,799,13.32
eu8A02K19NdVI9hISNwg,2025-04-29,495,8.25
eu8A02K19NdVI9hISNwg,2025-04-30,1439,23.98
gQqdqi0cyd6QowISCMYe,2025-02-26,1307,21.78
gQqdqi0cyd6QowISCMYe,2025-02-27,1252,20.87
gQqdqi0cyd6QowISCMYe,2025-02-28,1403,23.38
gQqdqi0cyd6QowISCMYe,2025-03-01,1241,20.68
gQqdqi0cyd6QowISCMYe,2025-03-02,1366,22.77
gQqdqi0cyd6QowISCMYe,2025-03-03,1394,23.23
gQqdqi0cyd6QowISCMYe,2025-03-04,1370,22.83
gQqdqi0cyd6QowISCMYe,2025-03-05,1188,19.8
gQqdqi0cyd6QowISCMYe,2025-03-06,1373,22.88
gQqdqi0cyd6QowISCMYe,2025-03-07,1268,21.13
gQqdqi0cyd6QowISCMYe,2025-03-08,1366,22.77
gQqdqi0cyd6QowISCMYe,2025-03-09,1294,21.57
gQqdqi0cyd6QowISCMYe,2025-03-10,1312,21.87
gQqdqi0cyd6QowISCMYe,2025-03-11,1383,23.05
gQqdqi0cyd6QowISCMYe,2025-03-12,1359,22.65
gQqdqi0cyd6QowISCMYe,2025-03-13,1368,22.8
gQqdqi0cyd6QowISCMYe,2025-03-14,1224,20.4
gQqdqi0cyd6QowISCMYe,2025-03-15,1326,22.1
gQqdqi0cyd6QowISCMYe,2025-03-16,1284,21.4
gQqdqi0cyd6QowISCMYe,2025-03-17,1330,22.17
gQqdqi0cyd6QowISCMYe,2025-03-18,1384,23.07
gQqdqi0cyd6QowISCMYe,2025-03-19,1263,21.05
gQqdqi0cyd6QowISCMYe,2025-03-20,1349,22.48
gQqdqi0cyd6QowISCMYe,2025-03-21,1355,22.58
gQqdqi0cyd6QowISCMYe,2025-03-22,1367,22.78
gQqdqi0cyd6QowISCMYe,2025-03-23,1288,21.47
gQqdqi0cyd6QowISCMYe,2025-03-24,1356,22.6
gQqdqi0cyd6QowISCMYe,2025-03-25,1259,20.98
gQqdqi0cyd6QowISCMYe,2025-03-26,1317,21.95
gQqdqi0cyd6QowISCMYe,2025-03-27,1226,20.43
gQqdqi0cyd6QowISCMYe,2025-03-28,1190,19.83
gQqdqi0cyd6QowISCMYe,2025-03-29,1320,22.0
gQqdqi0cyd6QowISCMYe,2025-03-30,1276,21.27
gQqdqi0cyd6QowISCMYe,2025-03-31,1287,21.45
gQqdqi0cyd6QowISCMYe,2025-04-01,1310,21.83
gQqdqi0cyd6QowISCMYe,2025-04-02,1336,22.27
gQqdqi0cyd6QowISCMYe,2025-04-03,1338,22.3
gQqdqi0cyd6QowISCMYe,2025-04-04,1184,19.73
gQqdqi0cyd6QowISCMYe,2025-04-05,1266,21.1
gQqdqi0cyd6QowISCMYe,2025-04-06,1302,21.7
gQqdqi0cyd6QowISCMYe,2025-04-07,1343,22.38
gQqdqi0cyd6QowISCMYe,2025-04-08,1319,21.98
gQqdqi0cyd6QowISCMYe,2025-04-09,1303,21.72
gQqdqi0cyd6QowISCMYe,2025-04-10,1388,23.13
gQqdqi0cyd6QowISCMYe,2025-04-11,1381,23.02
gQqdqi0cyd6QowISCMYe,2025-04-12,1173,19.55
gQqdqi0cyd6QowISCMYe,2025-04-13,1180,19.67
gQqdqi0cyd6QowISCMYe,2025-04-14,1282,21.37
gQqdqi0cyd6QowISCMYe,2025-04-15,1315,21.92
gQqdqi0cyd6QowISCMYe,2025-04-16,1269,21.15
gQqdqi0cyd6QowISCMYe,2025-04-17,1320,22.0
gQqdqi0cyd6QowISCMYe,2025-04-18,1292,21.53
gQqdqi0cyd6QowISCMYe,2025-04-19,1285,21.42
gQqdqi0cyd6QowISCMYe,2025-04-20,1211,20.18
gQqdqi0cyd6QowISCMYe,2025-04-21,1373,22.88
gQqdqi0cyd6QowISCMYe,2025-04-22,1268,21.13
gQqdqi0cyd6QowISCMYe,2025-04-23,1343,22.38
gQqdqi0cyd6QowISCMYe,2025-04-24,1234,20.57
gQqdqi0cyd6QowISCMYe,2025-04-25,1294,21.57
gQqdqi0cyd6QowISCMYe,2025-04-26,1115,18.58
gQqdqi0cyd6QowISCMYe,2025-04-27,1301,21.68
gQqdqi0cyd6QowISCMYe,2025-04-28,1268,21.13
gQqdqi0cyd6QowISCMYe,2025-04-29,1303,21.72
gQqdqi0cyd6QowISCMYe,2025-04-30,1254,20.9
k70sygMtUNxqzzcxJPoV,2025-02-26,6,0.1
k70sygMtUNxqzzcxJPoV,2025-02-28,805,13.42
k70sygMtUNxqzzcxJPoV,2025-03-01,1248,20.8
k70sygMtUNxqzzcxJPoV,2025-03-02,434,7.23
k70sygMtUNxqzzcxJPoV,2025-03-03,1331,22.18
k70sygMtUNxqzzcxJPoV,2025-03-04,1400,23.33
k70sygMtUNxqzzcxJPoV,2025-03-05,1349,22.48
k70sygMtUNxqzzcxJPoV,2025-03-06,1367,22.78
k70sygMtUNxqzzcxJPoV,2025-03-07,1418,23.63
k70sygMtUNxqzzcxJPoV,2025-03-08,1377,22.95
k70sygMtUNxqzzcxJPoV,2025-03-09,1406,23.43
k70sygMtUNxqzzcxJPoV,2025-03-10,1348,22.47
k70sygMtUNxqzzcxJPoV,2025-03-11,1411,23.52
k70sygMtUNxqzzcxJPoV,2025-03-12,1414,23.57
k70sygMtUNxqzzcxJPoV,2025-03-13,1390,23.17
k70sygMtUNxqzzcxJPoV,2025-03-14,1366,22.77
k70sygMtUNxqzzcxJPoV,2025-03-15,1416,23.6
k70sygMtUNxqzzcxJPoV,2025-03-16,1391,23.18
k70sygMtUNxqzzcxJPoV,2025-03-17,1380,23.0
k70sygMtUNxqzzcxJPoV,2025-03-18,1389,23.15
k70sygMtUNxqzzcxJPoV,2025-03-19,1382,23.03
k70sygMtUNxqzzcxJPoV,2025-03-20,1415,23.58
k70sygMtUNxqzzcxJPoV,2025-03-21,1170,19.5
k70sygMtUNxqzzcxJPoV,2025-03-22,1328,22.13
k70sygMtUNxqzzcxJPoV,2025-03-23,1411,23.52
k70sygMtUNxqzzcxJPoV,2025-03-24,1417,23.62
k70sygMtUNxqzzcxJPoV,2025-03-25,1380,23.0
k70sygMtUNxqzzcxJPoV,2025-03-26,1355,22.58
k70sygMtUNxqzzcxJPoV,2025-03-27,1422,23.7
k70sygMtUNxqzzcxJPoV,2025-03-28,1418,23.63
k70sygMtUNxqzzcxJPoV,2025-03-29,1402,23.37
k70sygMtUNxqzzcxJPoV,2025-03-30,1347,22.45
k70sygMtUNxqzzcxJPoV,2025-03-31,1325,22.08
k70sygMtUNxqzzcxJPoV,2025-04-01,1040,17.33
k70sygMtUNxqzzcxJPoV,2025-04-02,1403,23.38
k70sygMtUNxqzzcxJPoV,2025-04-03,1354,22.57
k70sygMtUNxqzzcxJPoV,2025-04-04,1403,23.38
k70sygMtUNxqzzcxJPoV,2025-04-05,1396,23.27
k70sygMtUNxqzzcxJPoV,2025-04-06,1409,23.48
k70sygMtUNxqzzcxJPoV,2025-04-07,1354,22.57
k70sygMtUNxqzzcxJPoV,2025-04-08,1039,17.32
k70sygMtUNxqzzcxJPoV,2025-04-09,1370,22.83
k70sygMtUNxqzzcxJPoV,2025-04-10,1422,23.7
k70sygMtUNxqzzcxJPoV,2025-04-11,1319,21.98
k70sygMtUNxqzzcxJPoV,2025-04-12,1439,23.98
k70sygMtUNxqzzcxJPoV,2025-04-13,1424,23.73
k70sygMtUNxqzzcxJPoV,2025-04-14,1419,23.65
k70sygMtUNxqzzcxJPoV,2025-04-15,1393,23.22
k70sygMtUNxqzzcxJPoV,2025-04-16,1395,23.25
k70sygMtUNxqzzcxJPoV,2025-04-17,1426,23.77
k70sygMtUNxqzzcxJPoV,2025-04-18,1413,23.55
k70sygMtUNxqzzcxJPoV,2025-04-19,1367,22.78
k70sygMtUNxqzzcxJPoV,2025-04-20,1379,22.98
k70sygMtUNxqzzcxJPoV,2025-04-21,1405,23.42
k70sygMtUNxqzzcxJPoV,2025-04-22,1399,23.32
k70sygMtUNxqzzcxJPoV,2025-04-23,1328,22.13
k70sygMtUNxqzzcxJPoV,2025-04-24,1414,23.57
k70sygMtUNxqzzcxJPoV,2025-04-25,1430,23.83
k70sygMtUNxqzzcxJPoV,2025-04-26,1406,23.43
k70sygMtUNxqzzcxJPoV,2025-04-27,1378,22.97
k70sygMtUNxqzzcxJPoV,2025-04-28,1403,23.38
k70sygMtUNxqzzcxJPoV,2025-04-29,1370,22.83
k70sygMtUNxqzzcxJPoV,2025-04-30,1360,22.67
kAHdVVh3apB1b7IxFEQI,2025-02-26,303,5.05
kAHdVVh3apB1b7IxFEQI,2025-02-27,980,16.33
kAHdVVh3apB1b7IxFEQI,2025-02-28,610,10.17
kAHdVVh3apB1b7IxFEQI,2025-03-01,27,0.45
kAHdVVh3apB1b7IxFEQI,2025-03-04,1049,17.48
kAHdVVh3apB1b7IxFEQI,2025-03-05,1314,21.9
kAHdVVh3apB1b7IxFEQI,2025-03-06,984,16.4
kAHdVVh3apB1b7IxFEQI,2025-03-07,1015,16.92
kAHdVVh3apB1b7IxFEQI,2025-03-08,570,9.5
kAHdVVh3apB1b7IxFEQI,2025-03-09,472,7.87
kAHdVVh3apB1b7IxFEQI,2025-03-10,1026,17.1
kAHdVVh3apB1b7IxFEQI,2025-03-11,978,16.3
kAHdVVh3apB1b7IxFEQI,2025-03-12,189,3.15
kAHdVVh3apB1b7IxFEQI,2025-03-13,987,16.45
kAHdVVh3apB1b7IxFEQI,2025-03-14,1010,16.83
kAHdVVh3apB1b7IxFEQI,2025-03-15,849,14.15
kAHdVVh3apB1b7IxFEQI,2025-03-16,885,14.75
kAHdVVh3apB1b7IxFEQI,2025-03-17,892,14.87
kAHdVVh3apB1b7IxFEQI,2025-03-18,993,16.55
kAHdVVh3apB1b7IxFEQI,2025-03-19,963,16.05
kAHdVVh3apB1b7IxFEQI,2025-03-20,1017,16.95
kAHdVVh3apB1b7IxFEQI,2025-03-21,961,16.02
kAHdVVh3apB1b7IxFEQI,2025-03-22,659,10.98
kAHdVVh3apB1b7IxFEQI,2025-03-23,784,13.07
kAHdVVh3apB1b7IxFEQI,2025-03-24,995,16.58
kAHdVVh3apB1b7IxFEQI,2025-03-25,927,15.45
kAHdVVh3apB1b7IxFEQI,2025-03-26,950,15.83
kAHdVVh3apB1b7IxFEQI,2025-03-27,269,4.48
kAHdVVh3apB1b7IxFEQI,2025-03-29,744,12.4
kAHdVVh3apB1b7IxFEQI,2025-03-30,837,13.95
kAHdVVh3apB1b7IxFEQI,2025-03-31,1015,16.92
kAHdVVh3apB1b7IxFEQI,2025-04-01,1003,16.72
kAHdVVh3apB1b7IxFEQI,2025-04-02,455,7.58
kAHdVVh3apB1b7IxFEQI,2025-04-03,866,14.43
kAHdVVh3apB1b7IxFEQI,2025-04-04,1022,17.03
kAHdVVh3apB1b7IxFEQI,2025-04-05,846,14.1
kAHdVVh3apB1b7IxFEQI,2025-04-06,630,10.5
kAHdVVh3apB1b7IxFEQI,2025-04-07,288,4.8
kAHdVVh3apB1b7IxFEQI,2025-04-08,875,14.58
kAHdVVh3apB1b7IxFEQI,2025-04-09,883,14.72
kAHdVVh3apB1b7IxFEQI,2025-04-10,792,13.2
kAHdVVh3apB1b7IxFEQI,2025-04-11,701,11.68
kAHdVVh3apB1b7IxFEQI,2025-04-13,752,12.53
kAHdVVh3apB1b7IxFEQI,2025-04-14,870,14.5
kAHdVVh3apB1b7IxFEQI,2025-04-15,731,12.18
kAHdVVh3apB1b7IxFEQI,2025-04-16,937,15.62
kAHdVVh3apB1b7IxFEQI,2025-04-17,876,14.6
kAHdVVh3apB1b7IxFEQI,2025-04-18,924,15.4
kAHdVVh3apB1b7IxFEQI,2025-04-19,83,1.38
kAHdVVh3apB1b7IxFEQI,2025-04-20,27,0.45
kAHdVVh3apB1b7IxFEQI,2025-04-21,716,11.93
kAHdVVh3apB1b7IxFEQI,2025-04-22,672,11.2
kAHdVVh3apB1b7IxFEQI,2025-04-23,869,14.48
kAHdVVh3apB1b7IxFEQI,2025-04-24,696,11.6
kAHdVVh3apB1b7IxFEQI,2025-04-25,654,10.9
kAHdVVh3apB1b7IxFEQI,2025-04-26,863,14.38
kAHdVVh3apB1b7IxFEQI,2025-04-27,883,14.72
kAHdVVh3apB1b7IxFEQI,2025-04-28,660,11.0
kAHdVVh3apB1b7IxFEQI,2025-04-30,891,14.85
lzpjy5BrssoDpOqbdefi,2025-02-26,824,13.73
lzpjy5BrssoDpOqbdefi,2025-02-27,1438,23.97
lzpjy5BrssoDpOqbdefi,2025-02-28,1440,24.0
lzpjy5BrssoDpOqbdefi,2025-03-01,1439,23.98
lzpjy5BrssoDpOqbdefi,2025-03-02,1440,24.0
lzpjy5BrssoDpOqbdefi,2025-03-03,1440,24.0
lzpjy5BrssoDpOqbdefi,2025-03-04,1197,19.95
lzpjy5BrssoDpOqbdefi,2025-03-05,1440,24.0
lzpjy5BrssoDpOqbdefi,2025-03-06,1440,24.0
lzpjy5BrssoDpOqbdefi,2025-03-07,1440,24.0
lzpjy5BrssoDpOqbdefi,2025-03-08,1421,23.68
lzpjy5BrssoDpOqbdefi,2025-03-09,1380,23.0
lzpjy5BrssoDpOqbdefi,2025-03-10,1424,23.73
lzpjy5BrssoDpOqbdefi,2025-03-11,1440,24.0
lzpjy5BrssoDpOqbdefi,2025-03-12,1440,24.0
lzpjy5BrssoDpOqbdefi,2025-03-13,1440,24.0
lzpjy5BrssoDpOqbdefi,2025-03-14,1440,24.0
lzpjy5BrssoDpOqbdefi,2025-03-15,1440,24.0
lzpjy5BrssoDpOqbdefi,2025-03-16,1108,18.47
lzpjy5BrssoDpOqbdefi,2025-03-17,1440,24.0
lzpjy5BrssoDpOqbdefi,2025-03-18,1436,23.93
lzpjy5BrssoDpOqbdefi,2025-03-19,1426,23.77
lzpjy5BrssoDpOqbdefi,2025-03-20,1423,23.72
lzpjy5BrssoDpOqbdefi,2025-03-21,626,10.43
lzpjy5BrssoDpOqbdefi,2025-03-22,1275,21.25
lzpjy5BrssoDpOqbdefi,2025-03-23,1440,24.0
lzpjy5BrssoDpOqbdefi,2025-03-24,1381,23.02
lzpjy5BrssoDpOqbdefi,2025-03-25,1440,24.0
lzpjy5BrssoDpOqbdefi,2025-03-26,1440,24.0
lzpjy5BrssoDpOqbdefi,2025-03-27,1440,24.0
lzpjy5BrssoDpOqbdefi,2025-03-28,1320,22.0
lzpjy5BrssoDpOqbdefi,2025-03-29,858,14.3
lzpjy5BrssoDpOqbdefi,2025-03-30,1440,24.0
lzpjy5BrssoDpOqbdefi,2025-03-31,1440,24.0
lzpjy5BrssoDpOqbdefi,2025-04-01,1422,23.7
lzpjy5BrssoDpOqbdefi,2025-04-02,1440,24.0
lzpjy5BrssoDpOqbdefi,2025-04-03,1439,23.98
lzpjy5BrssoDpOqbdefi,2025-04-04,1406,23.43
lzpjy5BrssoDpOqbdefi,2025-04-05,1376,22.93
lzpjy5BrssoDpOqbdefi,2025-04-06,1417,23.62
lzpjy5BrssoDpOqbdefi,2025-04-07,1414,23.57
lzpjy5BrssoDpOqbdefi,2025-04-08,1440,24.0
lzpjy5BrssoDpOqbdefi,2025-04-09,1427,23.78
lzpjy5BrssoDpOqbdefi,2025-04-10,1440,24.0
lzpjy5BrssoDpOqbdefi,2025-04-11,1440,24.0
lzpjy5BrssoDpOqbdefi,2025-04-12,1425,23.75
lzpjy5BrssoDpOqbdefi,2025-04-13,1440,24.0
lzpjy5BrssoDpOqbdefi,2025-04-14,1391,23.18
lzpjy5BrssoDpOqbdefi,2025-04-15,1389,23.15
lzpjy5BrssoDpOqbdefi,2025-04-16,1440,24.0
lzpjy5BrssoDpOqbdefi,2025-04-17,1408,23.47
lzpjy5BrssoDpOqbdefi,2025-04-18,1440,24.0
lzpjy5BrssoDpOqbdefi,2025-04-19,1413,23.55
lzpjy5BrssoDpOqbdefi,2025-04-20,1440,24.0
lzpjy5BrssoDpOqbdefi,2025-04-21,1440,24.0
lzpjy5BrssoDpOqbdefi,2025-04-22,1409,23.48
lzpjy5BrssoDpOqbdefi,2025-04-23,1440,24.0
lzpjy5BrssoDpOqbdefi,2025-04-24,1402,23.37
lzpjy5BrssoDpOqbdefi,2025-04-25,1440,24.0
lzpjy5BrssoDpOqbdefi,2025-04-26,1440,24.0
lzpjy5BrssoDpOqbdefi,2025-04-27,1420,23.67
lzpjy5BrssoDpOqbdefi,2025-04-28,1440,24.0
lzpjy5BrssoDpOqbdefi,2025-04-29,1395,23.25
lzpjy5BrssoDpOqbdefi,2025-04-30,1440,24.0
n7y2Jw4TEEHXX3LFTTbC,2025-03-17,947,15.78
n7y2Jw4TEEHXX3LFTTbC,2025-03-18,1440,24.0
n7y2Jw4TEEHXX3LFTTbC,2025-03-19,1436,23.93
n7y2Jw4TEEHXX3LFTTbC,2025-03-20,1440,24.0
n7y2Jw4TEEHXX3LFTTbC,2025-03-21,1428,23.8
n7y2Jw4TEEHXX3LFTTbC,2025-03-23,1413,23.55
n7y2Jw4TEEHXX3LFTTbC,2025-03-24,1438,23.97
n7y2Jw4TEEHXX3LFTTbC,2025-03-25,1345,22.42
n7y2Jw4TEEHXX3LFTTbC,2025-03-26,1398,23.3
n7y2Jw4TEEHXX3LFTTbC,2025-03-27,1389,23.15
n7y2Jw4TEEHXX3LFTTbC,2025-03-28,1440,24.0
n7y2Jw4TEEHXX3LFTTbC,2025-03-29,1230,20.5
n7y2Jw4TEEHXX3LFTTbC,2025-03-30,1409,23.48
n7y2Jw4TEEHXX3LFTTbC,2025-03-31,1425,23.75
n7y2Jw4TEEHXX3LFTTbC,2025-04-01,1440,24.0
n7y2Jw4TEEHXX3LFTTbC,2025-04-02,1416,23.6
n7y2Jw4TEEHXX3LFTTbC,2025-04-03,1412,23.53
n7y2Jw4TEEHXX3LFTTbC,2025-04-04,1438,23.97
n7y2Jw4TEEHXX3LFTTbC,2025-04-05,1260,21.0
n7y2Jw4TEEHXX3LFTTbC,2025-04-06,1368,22.8
n7y2Jw4TEEHXX3LFTTbC,2025-04-07,1421,23.68
n7y2Jw4TEEHXX3LFTTbC,2025-04-08,1436,23.93
n7y2Jw4TEEHXX3LFTTbC,2025-04-09,1378,22.97
n7y2Jw4TEEHXX3LFTTbC,2025-04-10,1419,23.65
n7y2Jw4TEEHXX3LFTTbC,2025-04-11,1370,22.83
n7y2Jw4TEEHXX3LFTTbC,2025-04-12,1400,23.33
n7y2Jw4TEEHXX3LFTTbC,2025-04-13,1432,23.87
n7y2Jw4TEEHXX3LFTTbC,2025-04-14,1437,23.95
n7y2Jw4TEEHXX3LFTTbC,2025-04-15,1372,22.87
n7y2Jw4TEEHXX3LFTTbC,2025-04-16,1407,23.45
n7y2Jw4TEEHXX3LFTTbC,2025-04-17,1438,23.97
n7y2Jw4TEEHXX3LFTTbC,2025-04-18,1424,23.73
n7y2Jw4TEEHXX3LFTTbC,2025-04-19,1356,22.6
n7y2Jw4TEEHXX3LFTTbC,2025-04-20,1438,23.97
n7y2Jw4TEEHXX3LFTTbC,2025-04-21,1418,23.63
n7y2Jw4TEEHXX3LFTTbC,2025-04-22,161,2.68
n7y2Jw4TEEHXX3LFTTbC,2025-04-24,1,0.02
n7y2Jw4TEEHXX3LFTTbC,2025-04-26,211,3.52
n7y2Jw4TEEHXX3LFTTbC,2025-04-27,443,7.38
n7y2Jw4TEEHXX3LFTTbC,2025-04-30,2,0.03
nxzATvdfwQozwIKgrYZT,2025-02-26,1440,24.0
nxzATvdfwQozwIKgrYZT,2025-02-27,1336,22.27
nxzATvdfwQozwIKgrYZT,2025-02-28,1440,24.0
nxzATvdfwQozwIKgrYZT,2025-03-01,1265,21.08
nxzATvdfwQozwIKgrYZT,2025-03-02,925,15.42
nxzATvdfwQozwIKgrYZT,2025-03-03,1410,23.5
nxzATvdfwQozwIKgrYZT,2025-03-04,1440,24.0
nxzATvdfwQozwIKgrYZT,2025-03-05,1440,24.0
nxzATvdfwQozwIKgrYZT,2025-03-06,977,16.28
nxzATvdfwQozwIKgrYZT,2025-03-07,1440,24.0
nxzATvdfwQozwIKgrYZT,2025-03-08,1440,24.0
nxzATvdfwQozwIKgrYZT,2025-03-09,1380,23.0
nxzATvdfwQozwIKgrYZT,2025-03-10,1353,22.55
nxzATvdfwQozwIKgrYZT,2025-03-11,1428,23.8
nxzATvdfwQozwIKgrYZT,2025-03-12,1342,22.37
nxzATvdfwQozwIKgrYZT,2025-03-13,1440,24.0
nxzATvdfwQozwIKgrYZT,2025-03-14,1440,24.0
nxzATvdfwQozwIKgrYZT,2025-03-15,1436,23.93
nxzATvdfwQozwIKgrYZT,2025-03-16,1380,23.0
nxzATvdfwQozwIKgrYZT,2025-03-17,1440,24.0
nxzATvdfwQozwIKgrYZT,2025-03-18,1415,23.58
nxzATvdfwQozwIKgrYZT,2025-03-19,1440,24.0
nxzATvdfwQozwIKgrYZT,2025-03-20,1396,23.27
nxzATvdfwQozwIKgrYZT,2025-03-21,1311,21.85
nxzATvdfwQozwIKgrYZT,2025-03-22,1440,24.0
nxzATvdfwQozwIKgrYZT,2025-03-23,1440,24.0
nxzATvdfwQozwIKgrYZT,2025-03-24,1440,24.0
nxzATvdfwQozwIKgrYZT,2025-03-25,1440,24.0
nxzATvdfwQozwIKgrYZT,2025-03-26,348,5.8
nxzATvdfwQozwIKgrYZT,2025-03-27,575,9.58
nxzATvdfwQozwIKgrYZT,2025-03-28,1440,24.0
nxzATvdfwQozwIKgrYZT,2025-03-29,1440,24.0
nxzATvdfwQozwIKgrYZT,2025-03-30,1440,24.0
nxzATvdfwQozwIKgrYZT,2025-03-31,1393,23.22
nxzATvdfwQozwIKgrYZT,2025-04-01,1202,20.03
nxzATvdfwQozwIKgrYZT,2025-04-02,1440,24.0
nxzATvdfwQozwIKgrYZT,2025-04-03,1440,24.0
nxzATvdfwQozwIKgrYZT,2025-04-04,1440,24.0
nxzATvdfwQozwIKgrYZT,2025-04-05,1440,24.0
nxzATvdfwQozwIKgrYZT,2025-04-06,1229,20.48
nxzATvdfwQozwIKgrYZT,2025-04-07,150,2.5
nxzATvdfwQozwIKgrYZT,2025-04-08,1440,24.0
nxzATvdfwQozwIKgrYZT,2025-04-09,1440,24.0
nxzATvdfwQozwIKgrYZT,2025-04-10,1440,24.0
nxzATvdfwQozwIKgrYZT,2025-04-11,1440,24.0
nxzATvdfwQozwIKgrYZT,2025-04-12,1050,17.5
nxzATvdfwQozwIKgrYZT,2025-04-13,2,0.03
nxzATvdfwQozwIKgrYZT,2025-04-15,802,13.37
nxzATvdfwQozwIKgrYZT,2025-04-16,1440,24.0
nxzATvdfwQozwIKgrYZT,2025-04-17,1413,23.55
nxzATvdfwQozwIKgrYZT,2025-04-18,1367,22.78
nxzATvdfwQozwIKgrYZT,2025-04-19,1035,17.25
nxzATvdfwQozwIKgrYZT,2025-04-20,1362,22.7
nxzATvdfwQozwIKgrYZT,2025-04-21,1437,23.95
nxzATvdfwQozwIKgrYZT,2025-04-22,1440,24.0
nxzATvdfwQozwIKgrYZT,2025-04-23,1075,17.92
nxzATvdfwQozwIKgrYZT,2025-04-24,1415,23.58
nxzATvdfwQozwIKgrYZT,2025-04-25,1440,24.0
nxzATvdfwQozwIKgrYZT,2025-04-26,765,12.75
nxzATvdfwQozwIKgrYZT,2025-04-27,710,11.83
nxzATvdfwQozwIKgrYZT,2025-04-29,92,1.53
nxzATvdfwQozwIKgrYZT,2025-04-30,1440,24.0
oTRgfIq5kzMZWSKOA7gP,2025-02-26,1429,23.82
oTRgfIq5kzMZWSKOA7gP,2025-02-27,1061,17.68
oTRgfIq5kzMZWSKOA7gP,2025-02-28,20,0.33
oTRgfIq5kzMZWSKOA7gP,2025-03-01,1428,23.8
oTRgfIq5kzMZWSKOA7gP,2025-03-02,1426,23.77
oTRgfIq5kzMZWSKOA7gP,2025-03-03,1420,23.67
oTRgfIq5kzMZWSKOA7gP,2025-03-04,976,16.27
oTRgfIq5kzMZWSKOA7gP,2025-03-05,761,12.68
oTRgfIq5kzMZWSKOA7gP,2025-03-06,1427,23.78
oTRgfIq5kzMZWSKOA7gP,2025-03-07,1421,23.68
oTRgfIq5kzMZWSKOA7gP,2025-03-08,1406,23.43
oTRgfIq5kzMZWSKOA7gP,2025-03-09,1284,21.4
oTRgfIq5kzMZWSKOA7gP,2025-03-10,1384,23.07
oTRgfIq5kzMZWSKOA7gP,2025-03-11,1440,24.0
oTRgfIq5kzMZWSKOA7gP,2025-03-12,1440,24.0
oTRgfIq5kzMZWSKOA7gP,2025-03-13,1290,21.5
oTRgfIq5kzMZWSKOA7gP,2025-03-14,1436,23.93
oTRgfIq5kzMZWSKOA7gP,2025-03-15,1440,24.0
oTRgfIq5kzMZWSKOA7gP,2025-03-16,1317,21.95
oTRgfIq5kzMZWSKOA7gP,2025-03-17,1378,22.97
oTRgfIq5kzMZWSKOA7gP,2025-03-18,1440,24.0
oTRgfIq5kzMZWSKOA7gP,2025-03-19,1440,24.0
oTRgfIq5kzMZWSKOA7gP,2025-03-20,1303,21.72
oTRgfIq5kzMZWSKOA7gP,2025-03-21,1440,24.0
oTRgfIq5kzMZWSKOA7gP,2025-03-22,1193,19.88
oTRgfIq5kzMZWSKOA7gP,2025-03-23,1393,23.22
oTRgfIq5kzMZWSKOA7gP,2025-03-24,1434,23.9
oTRgfIq5kzMZWSKOA7gP,2025-03-25,1254,20.9
oTRgfIq5kzMZWSKOA7gP,2025-03-26,1440,24.0
oTRgfIq5kzMZWSKOA7gP,2025-03-27,1440,24.0
oTRgfIq5kzMZWSKOA7gP,2025-03-28,1390,23.17
oTRgfIq5kzMZWSKOA7gP,2025-03-29,1433,23.88
oTRgfIq5kzMZWSKOA7gP,2025-03-30,1380,23.0
oTRgfIq5kzMZWSKOA7gP,2025-03-31,1360,22.67
oTRgfIq5kzMZWSKOA7gP,2025-04-01,1440,24.0
oTRgfIq5kzMZWSKOA7gP,2025-04-02,1440,24.0
oTRgfIq5kzMZWSKOA7gP,2025-04-03,1440,24.0
oTRgfIq5kzMZWSKOA7gP,2025-04-04,1440,24.0
oTRgfIq5kzMZWSKOA7gP,2025-04-05,1178,19.63
oTRgfIq5kzMZWSKOA7gP,2025-04-06,1440,24.0
oTRgfIq5kzMZWSKOA7gP,2025-04-07,1440,24.0
oTRgfIq5kzMZWSKOA7gP,2025-04-08,1417,23.62
oTRgfIq5kzMZWSKOA7gP,2025-04-09,1384,23.07
oTRgfIq5kzMZWSKOA7gP,2025-04-10,1440,24.0
oTRgfIq5kzMZWSKOA7gP,2025-04-11,1440,24.0
oTRgfIq5kzMZWSKOA7gP,2025-04-12,1192,19.87
oTRgfIq5kzMZWSKOA7gP,2025-04-13,1440,24.0
oTRgfIq5kzMZWSKOA7gP,2025-04-14,1440,24.0
oTRgfIq5kzMZWSKOA7gP,2025-04-15,1440,24.0
oTRgfIq5kzMZWSKOA7gP,2025-04-16,1354,22.57
oTRgfIq5kzMZWSKOA7gP,2025-04-17,1440,24.0
oTRgfIq5kzMZWSKOA7gP,2025-04-18,1440,24.0
oTRgfIq5kzMZWSKOA7gP,2025-04-19,1325,22.08
oTRgfIq5kzMZWSKOA7gP,2025-04-20,1440,24.0
oTRgfIq5kzMZWSKOA7gP,2025-04-21,1263,21.05
oTRgfIq5kzMZWSKOA7gP,2025-04-22,1426,23.77
oTRgfIq5kzMZWSKOA7gP,2025-04-23,1440,24.0
oTRgfIq5kzMZWSKOA7gP,2025-04-24,1440,24.0
oTRgfIq5kzMZWSKOA7gP,2025-04-25,1440,24.0
oTRgfIq5kzMZWSKOA7gP,2025-04-26,1296,21.6
oTRgfIq5kzMZWSKOA7gP,2025-04-27,1440,24.0
oTRgfIq5kzMZWSKOA7gP,2025-04-28,1440,24.0
oTRgfIq5kzMZWSKOA7gP,2025-04-29,1440,24.0
oTRgfIq5kzMZWSKOA7gP,2025-04-30,1343,22.38
oageyXcGFYKSnyZGwVmS,2025-02-26,1440,24.0
oageyXcGFYKSnyZGwVmS,2025-02-27,1440,24.0
oageyXcGFYKSnyZGwVmS,2025-02-28,1440,24.0
oageyXcGFYKSnyZGwVmS,2025-03-01,1440,24.0
oageyXcGFYKSnyZGwVmS,2025-03-02,1440,24.0
oageyXcGFYKSnyZGwVmS,2025-03-03,1440,24.0
oageyXcGFYKSnyZGwVmS,2025-03-04,1440,24.0
oageyXcGFYKSnyZGwVmS,2025-03-05,1440,24.0
oageyXcGFYKSnyZGwVmS,2025-03-06,1434,23.9
oageyXcGFYKSnyZGwVmS,2025-03-07,692,11.53
oageyXcGFYKSnyZGwVmS,2025-03-08,1440,24.0
oageyXcGFYKSnyZGwVmS,2025-03-09,1378,22.97
oageyXcGFYKSnyZGwVmS,2025-03-10,1440,24.0
oageyXcGFYKSnyZGwVmS,2025-03-11,1440,24.0
oageyXcGFYKSnyZGwVmS,2025-03-12,1436,23.93
oageyXcGFYKSnyZGwVmS,2025-03-13,1440,24.0
oageyXcGFYKSnyZGwVmS,2025-03-14,1440,24.0
oageyXcGFYKSnyZGwVmS,2025-03-15,1184,19.73
oageyXcGFYKSnyZGwVmS,2025-03-16,1440,24.0
oageyXcGFYKSnyZGwVmS,2025-03-17,1440,24.0
oageyXcGFYKSnyZGwVmS,2025-03-18,1438,23.97
oageyXcGFYKSnyZGwVmS,2025-03-19,1440,24.0
oageyXcGFYKSnyZGwVmS,2025-03-20,1440,24.0
oageyXcGFYKSnyZGwVmS,2025-03-21,1440,24.0
oageyXcGFYKSnyZGwVmS,2025-03-22,1440,24.0
oageyXcGFYKSnyZGwVmS,2025-03-23,1440,24.0
oageyXcGFYKSnyZGwVmS,2025-03-24,1364,22.73
oageyXcGFYKSnyZGwVmS,2025-03-25,1440,24.0
oageyXcGFYKSnyZGwVmS,2025-03-26,1440,24.0
oageyXcGFYKSnyZGwVmS,2025-03-27,1440,24.0
oageyXcGFYKSnyZGwVmS,2025-03-28,1440,24.0
oageyXcGFYKSnyZGwVmS,2025-03-29,1440,24.0
oageyXcGFYKSnyZGwVmS,2025-03-30,1440,24.0
oageyXcGFYKSnyZGwVmS,2025-03-31,1440,24.0
oageyXcGFYKSnyZGwVmS,2025-04-01,1155,19.25
oageyXcGFYKSnyZGwVmS,2025-04-02,1439,23.98
oageyXcGFYKSnyZGwVmS,2025-04-03,1440,24.0
oageyXcGFYKSnyZGwVmS,2025-04-04,1436,23.93
oageyXcGFYKSnyZGwVmS,2025-04-05,1440,24.0
oageyXcGFYKSnyZGwVmS,2025-04-06,1440,24.0
oageyXcGFYKSnyZGwVmS,2025-04-07,1439,23.98
oageyXcGFYKSnyZGwVmS,2025-04-08,1382,23.03
oageyXcGFYKSnyZGwVmS,2025-04-09,1440,24.0
oageyXcGFYKSnyZGwVmS,2025-04-10,1440,24.0
oageyXcGFYKSnyZGwVmS,2025-04-11,1439,23.98
oageyXcGFYKSnyZGwVmS,2025-04-12,1440,24.0
oageyXcGFYKSnyZGwVmS,2025-04-13,1440,24.0
oageyXcGFYKSnyZGwVmS,2025-04-14,1440,24.0
oageyXcGFYKSnyZGwVmS,2025-04-15,1440,24.0
oageyXcGFYKSnyZGwVmS,2025-04-16,1440,24.0
oageyXcGFYKSnyZGwVmS,2025-04-17,1440,24.0
oageyXcGFYKSnyZGwVmS,2025-04-18,1231,20.52
oageyXcGFYKSnyZGwVmS,2025-04-19,1438,23.97
oageyXcGFYKSnyZGwVmS,2025-04-20,1440,24.0
oageyXcGFYKSnyZGwVmS,2025-04-21,1439,23.98
oageyXcGFYKSnyZGwVmS,2025-04-22,1440,24.0
oageyXcGFYKSnyZGwVmS,2025-04-23,1440,24.0
oageyXcGFYKSnyZGwVmS,2025-04-24,1439,23.98
oageyXcGFYKSnyZGwVmS,2025-04-25,1440,24.0
oageyXcGFYKSnyZGwVmS,2025-04-26,1440,24.0
oageyXcGFYKSnyZGwVmS,2025-04-27,1355,22.58
oageyXcGFYKSnyZGwVmS,2025-04-28,1440,24.0
oageyXcGFYKSnyZGwVmS,2025-04-29,1440,24.0
oageyXcGFYKSnyZGwVmS,2025-04-30,1440,24.0
oo4LXfWtioyFbeePXsJm,2025-03-16,51,0.85
oo4LXfWtioyFbeePXsJm,2025-03-17,1261,21.02
oo4LXfWtioyFbeePXsJm,2025-03-18,1440,24.0
oo4LXfWtioyFbeePXsJm,2025-03-19,1359,22.65
oo4LXfWtioyFbeePXsJm,2025-03-20,999,16.65
oo4LXfWtioyFbeePXsJm,2025-03-21,1344,22.4
oo4LXfWtioyFbeePXsJm,2025-03-22,1437,23.95
oo4LXfWtioyFbeePXsJm,2025-03-23,910,15.17
oo4LXfWtioyFbeePXsJm,2025-03-24,1065,17.75
oo4LXfWtioyFbeePXsJm,2025-03-25,1239,20.65
oo4LXfWtioyFbeePXsJm,2025-03-26,1440,24.0
oo4LXfWtioyFbeePXsJm,2025-03-27,1231,20.52
oo4LXfWtioyFbeePXsJm,2025-03-28,1200,20.0
oo4LXfWtioyFbeePXsJm,2025-03-29,1438,23.97
oo4LXfWtioyFbeePXsJm,2025-03-30,1340,22.33
oo4LXfWtioyFbeePXsJm,2025-03-31,1394,23.23
oo4LXfWtioyFbeePXsJm,2025-04-01,1263,21.05
oo4LXfWtioyFbeePXsJm,2025-04-02,1067,17.78
oo4LXfWtioyFbeePXsJm,2025-04-03,1432,23.87
oo4LXfWtioyFbeePXsJm,2025-04-04,1440,24.0
oo4LXfWtioyFbeePXsJm,2025-04-05,1439,23.98
oo4LXfWtioyFbeePXsJm,2025-04-06,1396,23.27
oo4LXfWtioyFbeePXsJm,2025-04-07,1439,23.98
oo4LXfWtioyFbeePXsJm,2025-04-08,1382,23.03
oo4LXfWtioyFbeePXsJm,2025-04-09,1115,18.58
oo4LXfWtioyFbeePXsJm,2025-04-10,1429,23.82
oo4LXfWtioyFbeePXsJm,2025-04-11,1415,23.58
oo4LXfWtioyFbeePXsJm,2025-04-12,1391,23.18
oo4LXfWtioyFbeePXsJm,2025-04-13,1389,23.15
oo4LXfWtioyFbeePXsJm,2025-04-14,1405,23.42
oo4LXfWtioyFbeePXsJm,2025-04-15,1393,23.22
oo4LXfWtioyFbeePXsJm,2025-04-16,1438,23.97
oo4LXfWtioyFbeePXsJm,2025-04-17,1385,23.08
oo4LXfWtioyFbeePXsJm,2025-04-18,1372,22.87
oo4LXfWtioyFbeePXsJm,2025-04-19,1440,24.0
oo4LXfWtioyFbeePXsJm,2025-04-20,1388,23.13
oo4LXfWtioyFbeePXsJm,2025-04-21,1427,23.78
oo4LXfWtioyFbeePXsJm,2025-04-22,1439,23.98
oo4LXfWtioyFbeePXsJm,2025-04-23,1358,22.63
oo4LXfWtioyFbeePXsJm,2025-04-24,1357,22.62
oo4LXfWtioyFbeePXsJm,2025-04-25,1438,23.97
oo4LXfWtioyFbeePXsJm,2025-04-26,1413,23.55
oo4LXfWtioyFbeePXsJm,2025-04-27,1058,17.63
oo4LXfWtioyFbeePXsJm,2025-04-28,1436,23.93
oo4LXfWtioyFbeePXsJm,2025-04-29,1377,22.95
oo4LXfWtioyFbeePXsJm,2025-04-30,1415,23.58
pLVNGLsQBtGyQwo99cJG,2025-02-26,632,10.53
pLVNGLsQBtGyQwo99cJG,2025-02-27,1428,23.8
pLVNGLsQBtGyQwo99cJG,2025-02-28,1434,23.9
pLVNGLsQBtGyQwo99cJG,2025-03-01,1431,23.85
pLVNGLsQBtGyQwo99cJG,2025-03-02,1440,24.0
pLVNGLsQBtGyQwo99cJG,2025-03-03,1426,23.77
pLVNGLsQBtGyQwo99cJG,2025-03-04,1429,23.82
pLVNGLsQBtGyQwo99cJG,2025-03-05,1430,23.83
pLVNGLsQBtGyQwo99cJG,2025-03-06,1429,23.82
pLVNGLsQBtGyQwo99cJG,2025-03-07,1430,23.83
pLVNGLsQBtGyQwo99cJG,2025-03-08,1095,18.25
pLVNGLsQBtGyQwo99cJG,2025-03-09,990,16.5
pLVNGLsQBtGyQwo99cJG,2025-03-10,1440,24.0
pLVNGLsQBtGyQwo99cJG,2025-03-11,1430,23.83
pLVNGLsQBtGyQwo99cJG,2025-03-12,1430,23.83
pLVNGLsQBtGyQwo99cJG,2025-03-13,1440,24.0
pLVNGLsQBtGyQwo99cJG,2025-03-14,1427,23.78
pLVNGLsQBtGyQwo99cJG,2025-03-15,1429,23.82
pLVNGLsQBtGyQwo99cJG,2025-03-16,1427,23.78
pLVNGLsQBtGyQwo99cJG,2025-03-17,1431,23.85
pLVNGLsQBtGyQwo99cJG,2025-03-18,1440,24.0
pLVNGLsQBtGyQwo99cJG,2025-03-19,1440,24.0
pLVNGLsQBtGyQwo99cJG,2025-03-20,1431,23.85
pLVNGLsQBtGyQwo99cJG,2025-03-21,1392,23.2
pLVNGLsQBtGyQwo99cJG,2025-03-22,1427,23.78
pLVNGLsQBtGyQwo99cJG,2025-03-23,1418,23.63
pLVNGLsQBtGyQwo99cJG,2025-03-24,1423,23.72
pLVNGLsQBtGyQwo99cJG,2025-03-25,1427,23.78
pLVNGLsQBtGyQwo99cJG,2025-03-26,1439,23.98
pLVNGLsQBtGyQwo99cJG,2025-03-27,1430,23.83
pLVNGLsQBtGyQwo99cJG,2025-03-28,1431,23.85
pLVNGLsQBtGyQwo99cJG,2025-03-29,1423,23.72
pLVNGLsQBtGyQwo99cJG,2025-03-30,1373,22.88
pLVNGLsQBtGyQwo99cJG,2025-03-31,1431,23.85
pLVNGLsQBtGyQwo99cJG,2025-04-01,1282,21.37
pLVNGLsQBtGyQwo99cJG,2025-04-02,1423,23.72
pLVNGLsQBtGyQwo99cJG,2025-04-03,1432,23.87
pLVNGLsQBtGyQwo99cJG,2025-04-04,1430,23.83
pLVNGLsQBtGyQwo99cJG,2025-04-05,1430,23.83
pLVNGLsQBtGyQwo99cJG,2025-04-06,1437,23.95
pLVNGLsQBtGyQwo99cJG,2025-04-07,1421,23.68
pLVNGLsQBtGyQwo99cJG,2025-04-08,1411,23.52
pLVNGLsQBtGyQwo99cJG,2025-04-09,1431,23.85
pLVNGLsQBtGyQwo99cJG,2025-04-10,1429,23.82
pLVNGLsQBtGyQwo99cJG,2025-04-11,1432,23.87
pLVNGLsQBtGyQwo99cJG,2025-04-12,1420,23.67
pLVNGLsQBtGyQwo99cJG,2025-04-13,1433,23.88
pLVNGLsQBtGyQwo99cJG,2025-04-14,1067,17.78
pLVNGLsQBtGyQwo99cJG,2025-04-15,1440,24.0
pLVNGLsQBtGyQwo99cJG,2025-04-16,1432,23.87
pLVNGLsQBtGyQwo99cJG,2025-04-17,1427,23.78
pLVNGLsQBtGyQwo99cJG,2025-04-18,1428,23.8
pLVNGLsQBtGyQwo99cJG,2025-04-19,1436,23.93
pLVNGLsQBtGyQwo99cJG,2025-04-20,1418,23.63
pLVNGLsQBtGyQwo99cJG,2025-04-21,1440,24.0
pLVNGLsQBtGyQwo99cJG,2025-04-22,1427,23.78
pLVNGLsQBtGyQwo99cJG,2025-04-23,1427,23.78
pLVNGLsQBtGyQwo99cJG,2025-04-24,1430,23.83
pLVNGLsQBtGyQwo99cJG,2025-04-25,1430,23.83
pLVNGLsQBtGyQwo99cJG,2025-04-26,1428,23.8
pLVNGLsQBtGyQwo99cJG,2025-04-27,1381,23.02
pLVNGLsQBtGyQwo99cJG,2025-04-28,1430,23.83
pLVNGLsQBtGyQwo99cJG,2025-04-29,1425,23.75
pLVNGLsQBtGyQwo99cJG,2025-04-30,1426,23.77
sILWMetHezvT76YfI1G5,2025-02-26,1250,20.83
sILWMetHezvT76YfI1G5,2025-02-27,1103,18.38
sILWMetHezvT76YfI1G5,2025-02-28,1440,24.0
sILWMetHezvT76YfI1G5,2025-03-01,746,12.43
sILWMetHezvT76YfI1G5,2025-03-02,883,14.72
sILWMetHezvT76YfI1G5,2025-03-03,1440,24.0
sILWMetHezvT76YfI1G5,2025-03-04,1440,24.0
sILWMetHezvT76YfI1G5,2025-03-05,1395,23.25
sILWMetHezvT76YfI1G5,2025-03-06,1440,24.0
sILWMetHezvT76YfI1G5,2025-03-07,1440,24.0
sILWMetHezvT76YfI1G5,2025-03-08,1125,18.75
sILWMetHezvT76YfI1G5,2025-03-09,804,13.4
sILWMetHezvT76YfI1G5,2025-03-10,1113,18.55
sILWMetHezvT76YfI1G5,2025-03-12,1031,17.18
sILWMetHezvT76YfI1G5,2025-03-13,1440,24.0
sILWMetHezvT76YfI1G5,2025-03-14,1440,24.0
sILWMetHezvT76YfI1G5,2025-03-15,1440,24.0
sILWMetHezvT76YfI1G5,2025-03-16,1359,22.65
sILWMetHezvT76YfI1G5,2025-03-17,1440,24.0
sILWMetHezvT76YfI1G5,2025-03-18,441,7.35
sILWMetHezvT76YfI1G5,2025-03-19,283,4.72
sILWMetHezvT76YfI1G5,2025-03-20,1440,24.0
sILWMetHezvT76YfI1G5,2025-03-21,1440,24.0
sILWMetHezvT76YfI1G5,2025-03-22,1440,24.0
sILWMetHezvT76YfI1G5,2025-03-23,1440,24.0
sILWMetHezvT76YfI1G5,2025-03-24,1365,22.75
sILWMetHezvT76YfI1G5,2025-03-25,1440,24.0
sILWMetHezvT76YfI1G5,2025-03-26,1440,24.0
sILWMetHezvT76YfI1G5,2025-03-27,1440,24.0
sILWMetHezvT76YfI1G5,2025-03-28,1440,24.0
sILWMetHezvT76YfI1G5,2025-03-29,1142,19.03
sILWMetHezvT76YfI1G5,2025-03-30,913,15.22
sILWMetHezvT76YfI1G5,2025-03-31,1397,23.28
sILWMetHezvT76YfI1G5,2025-04-01,1440,24.0
sILWMetHezvT76YfI1G5,2025-04-02,1318,21.97
sILWMetHezvT76YfI1G5,2025-04-03,1398,23.3
sILWMetHezvT76YfI1G5,2025-04-04,1395,23.25
sILWMetHezvT76YfI1G5,2025-04-05,1440,24.0
sILWMetHezvT76YfI1G5,2025-04-06,1440,24.0
sILWMetHezvT76YfI1G5,2025-04-07,1440,24.0
sILWMetHezvT76YfI1G5,2025-04-08,939,15.65
sILWMetHezvT76YfI1G5,2025-04-09,1417,23.62
sILWMetHezvT76YfI1G5,2025-04-10,1440,24.0
sILWMetHezvT76YfI1G5,2025-04-11,1440,24.0
sILWMetHezvT76YfI1G5,2025-04-12,1431,23.85
sILWMetHezvT76YfI1G5,2025-04-13,1261,21.02
sILWMetHezvT76YfI1G5,2025-04-14,1440,24.0
sILWMetHezvT76YfI1G5,2025-04-15,1327,22.12
sILWMetHezvT76YfI1G5,2025-04-16,1438,23.97
sILWMetHezvT76YfI1G5,2025-04-17,1404,23.4
sILWMetHezvT76YfI1G5,2025-04-18,1405,23.42
sILWMetHezvT76YfI1G5,2025-04-19,1440,24.0
sILWMetHezvT76YfI1G5,2025-04-20,1440,24.0
sILWMetHezvT76YfI1G5,2025-04-21,1440,24.0
sILWMetHezvT76YfI1G5,2025-04-22,1402,23.37
sILWMetHezvT76YfI1G5,2025-04-23,1440,24.0
sILWMetHezvT76YfI1G5,2025-04-24,1412,23.53
sILWMetHezvT76YfI1G5,2025-04-25,1440,24.0
sILWMetHezvT76YfI1G5,2025-04-26,1287,21.45
sILWMetHezvT76YfI1G5,2025-04-27,926,15.43
sILWMetHezvT76YfI1G5,2025-04-28,1435,23.92
sILWMetHezvT76YfI1G5,2025-04-29,1440,24.0
sILWMetHezvT76YfI1G5,2025-04-30,1440,24.0
sQ2Liyz6oglVZwmXUpqD,2025-02-26,1381,23.02
sQ2Liyz6oglVZwmXUpqD,2025-02-27,1358,22.63
sQ2Liyz6oglVZwmXUpqD,2025-02-28,1153,19.22
sQ2Liyz6oglVZwmXUpqD,2025-03-01,1275,21.25
sQ2Liyz6oglVZwmXUpqD,2025-03-02,866,14.43
sQ2Liyz6oglVZwmXUpqD,2025-03-03,1296,21.6
sQ2Liyz6oglVZwmXUpqD,2025-03-04,1133,18.88
sQ2Liyz6oglVZwmXUpqD,2025-03-05,1276,21.27
sQ2Liyz6oglVZwmXUpqD,2025-03-06,1354,22.57
sQ2Liyz6oglVZwmXUpqD,2025-03-07,1228,20.47
sQ2Liyz6oglVZwmXUpqD,2025-03-08,831,13.85
sQ2Liyz6oglVZwmXUpqD,2025-03-09,483,8.05
sQ2Liyz6oglVZwmXUpqD,2025-03-10,1303,21.72
sQ2Liyz6oglVZwmXUpqD,2025-03-11,1314,21.9
sQ2Liyz6oglVZwmXUpqD,2025-03-12,1320,22.0
sQ2Liyz6oglVZwmXUpqD,2025-03-13,883,14.72
sQ2Liyz6oglVZwmXUpqD,2025-03-14,1377,22.95
sQ2Liyz6oglVZwmXUpqD,2025-03-15,1361,22.68
sQ2Liyz6oglVZwmXUpqD,2025-03-16,1075,17.92
sQ2Liyz6oglVZwmXUpqD,2025-03-17,1399,23.32
sQ2Liyz6oglVZwmXUpqD,2025-03-18,1416,23.6
sQ2Liyz6oglVZwmXUpqD,2025-03-19,1331,22.18
sQ2Liyz6oglVZwmXUpqD,2025-03-20,1254,20.9
sQ2Liyz6oglVZwmXUpqD,2025-03-21,1328,22.13
sQ2Liyz6oglVZwmXUpqD,2025-03-22,766,12.77
sQ2Liyz6oglVZwmXUpqD,2025-03-23,1437,23.95
sQ2Liyz6oglVZwmXUpqD,2025-03-24,1344,22.4
sQ2Liyz6oglVZwmXUpqD,2025-03-25,1370,22.83
sQ2Liyz6oglVZwmXUpqD,2025-03-26,1377,22.95
sQ2Liyz6oglVZwmXUpqD,2025-03-27,1361,22.68
sQ2Liyz6oglVZwmXUpqD,2025-03-28,1197,19.95
sQ2Liyz6oglVZwmXUpqD,2025-03-29,1167,19.45
sQ2Liyz6oglVZwmXUpqD,2025-03-30,1096,18.27
sQ2Liyz6oglVZwmXUpqD,2025-03-31,995,16.58
sQ2Liyz6oglVZwmXUpqD,2025-04-01,1326,22.1
sQ2Liyz6oglVZwmXUpqD,2025-04-02,1426,23.77
sQ2Liyz6oglVZwmXUpqD,2025-04-03,1269,21.15
sQ2Liyz6oglVZwmXUpqD,2025-04-04,1421,23.68
sQ2Liyz6oglVZwmXUpqD,2025-04-05,945,15.75
sQ2Liyz6oglVZwmXUpqD,2025-04-06,1050,17.5
sQ2Liyz6oglVZwmXUpqD,2025-04-07,1313,21.88
sQ2Liyz6oglVZwmXUpqD,2025-04-08,1428,23.8
sQ2Liyz6oglVZwmXUpqD,2025-04-09,1281,21.35
sQ2Liyz6oglVZwmXUpqD,2025-04-10,1402,23.37
sQ2Liyz6oglVZwmXUpqD,2025-04-11,1193,19.88
sQ2Liyz6oglVZwmXUpqD,2025-04-12,1152,19.2
sQ2Liyz6oglVZwmXUpqD,2025-04-13,556,9.27
sQ2Liyz6oglVZwmXUpqD,2025-04-14,968,16.13
sQ2Liyz6oglVZwmXUpqD,2025-04-15,1388,23.13
sQ2Liyz6oglVZwmXUpqD,2025-04-16,1344,22.4
sQ2Liyz6oglVZwmXUpqD,2025-04-17,1407,23.45
sQ2Liyz6oglVZwmXUpqD,2025-04-18,1426,23.77
sQ2Liyz6oglVZwmXUpqD,2025-04-19,674,11.23
sQ2Liyz6oglVZwmXUpqD,2025-04-20,416,6.93
sQ2Liyz6oglVZwmXUpqD,2025-04-21,1391,23.18
sQ2Liyz6oglVZwmXUpqD,2025-04-22,1201,20.02
sQ2Liyz6oglVZwmXUpqD,2025-04-24,228,3.8
sQ2Liyz6oglVZwmXUpqD,2025-04-25,1418,23.63
sQ2Liyz6oglVZwmXUpqD,2025-04-26,1435,23.92
sQ2Liyz6oglVZwmXUpqD,2025-04-27,1204,20.07
sQ2Liyz6oglVZwmXUpqD,2025-04-28,1248,20.8
sQ2Liyz6oglVZwmXUpqD,2025-04-29,1298,21.63
sQ2Liyz6oglVZwmXUpqD,2025-04-30,1262,21.03
tpSv5cFNAuAZocpVjtRq,2025-02-26,459,7.65
tpSv5cFNAuAZocpVjtRq,2025-02-27,843,14.05
tpSv5cFNAuAZocpVjtRq,2025-02-28,903,15.05
tpSv5cFNAuAZocpVjtRq,2025-03-01,877,14.62
tpSv5cFNAuAZocpVjtRq,2025-03-02,686,11.43
tpSv5cFNAuAZocpVjtRq,2025-03-03,1006,16.77
tpSv5cFNAuAZocpVjtRq,2025-03-04,787,13.12
tpSv5cFNAuAZocpVjtRq,2025-03-05,764,12.73
tpSv5cFNAuAZocpVjtRq,2025-03-06,618,10.3
tpSv5cFNAuAZocpVjtRq,2025-03-07,659,10.98
tpSv5cFNAuAZocpVjtRq,2025-03-08,989,16.48
tpSv5cFNAuAZocpVjtRq,2025-03-09,872,14.53
tpSv5cFNAuAZocpVjtRq,2025-03-10,680,11.33
tpSv5cFNAuAZocpVjtRq,2025-03-11,607,10.12
tpSv5cFNAuAZocpVjtRq,2025-03-12,989,16.48
tpSv5cFNAuAZocpVjtRq,2025-03-13,572,9.53
tpSv5cFNAuAZocpVjtRq,2025-03-14,963,16.05
tpSv5cFNAuAZocpVjtRq,2025-03-15,1011,16.85
tpSv5cFNAuAZocpVjtRq,2025-03-16,691,11.52
tpSv5cFNAuAZocpVjtRq,2025-03-17,989,16.48
tpSv5cFNAuAZocpVjtRq,2025-03-18,943,15.72
tpSv5cFNAuAZocpVjtRq,2025-03-19,1355,22.58
tpSv5cFNAuAZocpVjtRq,2025-03-20,1049,17.48
tpSv5cFNAuAZocpVjtRq,2025-03-21,1440,24.0
tpSv5cFNAuAZocpVjtRq,2025-03-22,1058,17.63
tpSv5cFNAuAZocpVjtRq,2025-03-23,905,15.08
tpSv5cFNAuAZocpVjtRq,2025-03-24,993,16.55
tpSv5cFNAuAZocpVjtRq,2025-03-25,918,15.3
tpSv5cFNAuAZocpVjtRq,2025-03-26,947,15.78
tpSv5cFNAuAZocpVjtRq,2025-03-27,987,16.45
tpSv5cFNAuAZocpVjtRq,2025-03-28,999,16.65
tpSv5cFNAuAZocpVjtRq,2025-03-29,1041,17.35
tpSv5cFNAuAZocpVjtRq,2025-03-30,329,5.48
tpSv5cFNAuAZocpVjtRq,2025-03-31,978,16.3
tpSv5cFNAuAZocpVjtRq,2025-04-01,1004,16.73
tpSv5cFNAuAZocpVjtRq,2025-04-02,884,14.73
tpSv5cFNAuAZocpVjtRq,2025-04-03,978,16.3
tpSv5cFNAuAZocpVjtRq,2025-04-04,1427,23.78
tpSv5cFNAuAZocpVjtRq,2025-04-05,1222,20.37
tpSv5cFNAuAZocpVjtRq,2025-04-06,695,11.58
tpSv5cFNAuAZocpVjtRq,2025-04-07,975,16.25
tpSv5cFNAuAZocpVjtRq,2025-04-08,842,14.03
tpSv5cFNAuAZocpVjtRq,2025-04-09,952,15.87
tpSv5cFNAuAZocpVjtRq,2025-04-10,961,16.02
tpSv5cFNAuAZocpVjtRq,2025-04-11,972,16.2
tpSv5cFNAuAZocpVjtRq,2025-04-12,1076,17.93
tpSv5cFNAuAZocpVjtRq,2025-04-13,992,16.53
tpSv5cFNAuAZocpVjtRq,2025-04-14,1079,17.98
tpSv5cFNAuAZocpVjtRq,2025-04-15,1013,16.88
tpSv5cFNAuAZocpVjtRq,2025-04-16,1078,17.97
tpSv5cFNAuAZocpVjtRq,2025-04-17,917,15.28
tpSv5cFNAuAZocpVjtRq,2025-04-18,730,12.17
tpSv5cFNAuAZocpVjtRq,2025-04-19,701,11.68
tpSv5cFNAuAZocpVjtRq,2025-04-20,763,12.72
tpSv5cFNAuAZocpVjtRq,2025-04-21,870,14.5
tpSv5cFNAuAZocpVjtRq,2025-04-22,763,12.72
tpSv5cFNAuAZocpVjtRq,2025-04-23,858,14.3
tpSv5cFNAuAZocpVjtRq,2025-04-24,808,13.47
tpSv5cFNAuAZocpVjtRq,2025-04-25,1017,16.95
tpSv5cFNAuAZocpVjtRq,2025-04-26,1054,17.57
tpSv5cFNAuAZocpVjtRq,2025-04-27,929,15.48
tpSv5cFNAuAZocpVjtRq,2025-04-28,729,12.15
tpSv5cFNAuAZocpVjtRq,2025-04-29,984,16.4
tpSv5cFNAuAZocpVjtRq,2025-04-30,1091,18.18
uSl8CVo6O3S7z7jfsUvE,2025-02-26,914,15.23
uSl8CVo6O3S7z7jfsUvE,2025-02-27,1054,17.57
uSl8CVo6O3S7z7jfsUvE,2025-02-28,1013,16.88
uSl8CVo6O3S7z7jfsUvE,2025-03-01,812,13.53
uSl8CVo6O3S7z7jfsUvE,2025-03-03,928,15.47
uSl8CVo6O3S7z7jfsUvE,2025-03-04,934,15.57
uSl8CVo6O3S7z7jfsUvE,2025-03-05,925,15.42
uSl8CVo6O3S7z7jfsUvE,2025-03-06,868,14.47
uSl8CVo6O3S7z7jfsUvE,2025-03-07,963,16.05
uSl8CVo6O3S7z7jfsUvE,2025-03-08,655,10.92
uSl8CVo6O3S7z7jfsUvE,2025-03-09,736,12.27
uSl8CVo6O3S7z7jfsUvE,2025-03-10,933,15.55
uSl8CVo6O3S7z7jfsUvE,2025-03-11,932,15.53
uSl8CVo6O3S7z7jfsUvE,2025-03-12,744,12.4
uSl8CVo6O3S7z7jfsUvE,2025-03-13,855,14.25
uSl8CVo6O3S7z7jfsUvE,2025-03-14,1011,16.85
uSl8CVo6O3S7z7jfsUvE,2025-03-15,886,14.77
uSl8CVo6O3S7z7jfsUvE,2025-03-16,643,10.72
uSl8CVo6O3S7z7jfsUvE,2025-03-17,919,15.32
uSl8CVo6O3S7z7jfsUvE,2025-03-18,1064,17.73
uSl8CVo6O3S7z7jfsUvE,2025-03-19,961,16.02
uSl8CVo6O3S7z7jfsUvE,2025-03-20,1040,17.33
uSl8CVo6O3S7z7jfsUvE,2025-03-21,997,16.62
uSl8CVo6O3S7z7jfsUvE,2025-03-22,280,4.67
uSl8CVo6O3S7z7jfsUvE,2025-03-23,707,11.78
uSl8CVo6O3S7z7jfsUvE,2025-03-24,920,15.33
uSl8CVo6O3S7z7jfsUvE,2025-03-25,938,15.63
uSl8CVo6O3S7z7jfsUvE,2025-03-26,927,15.45
uSl8CVo6O3S7z7jfsUvE,2025-03-27,1025,17.08
uSl8CVo6O3S7z7jfsUvE,2025-03-28,988,16.47
uSl8CVo6O3S7z7jfsUvE,2025-03-29,801,13.35
uSl8CVo6O3S7z7jfsUvE,2025-03-30,595,9.92
uSl8CVo6O3S7z7jfsUvE,2025-03-31,953,15.88
uSl8CVo6O3S7z7jfsUvE,2025-04-01,827,13.78
uSl8CVo6O3S7z7jfsUvE,2025-04-02,1030,17.17
uSl8CVo6O3S7z7jfsUvE,2025-04-03,950,15.83
uSl8CVo6O3S7z7jfsUvE,2025-04-04,1025,17.08
uSl8CVo6O3S7z7jfsUvE,2025-04-05,879,14.65
uSl8CVo6O3S7z7jfsUvE,2025-04-06,778,12.97
uSl8CVo6O3S7z7jfsUvE,2025-04-07,921,15.35
uSl8CVo6O3S7z7jfsUvE,2025-04-08,943,15.72
uSl8CVo6O3S7z7jfsUvE,2025-04-09,1038,17.3
uSl8CVo6O3S7z7jfsUvE,2025-04-10,947,15.78
uSl8CVo6O3S7z7jfsUvE,2025-04-11,972,16.2
uSl8CVo6O3S7z7jfsUvE,2025-04-12,778,12.97
uSl8CVo6O3S7z7jfsUvE,2025-04-13,590,9.83
uSl8CVo6O3S7z7jfsUvE,2025-04-14,920,15.33
uSl8CVo6O3S7z7jfsUvE,2025-04-15,142,2.37
uZniV5j84lqkhauqzW0H,2025-02-26,1418,23.63
uZniV5j84lqkhauqzW0H,2025-02-27,1121,18.68
uZniV5j84lqkhauqzW0H,2025-02-28,1430,23.83
uZniV5j84lqkhauqzW0H,2025-03-01,1430,23.83
uZniV5j84lqkhauqzW0H,2025-03-02,1398,23.3
uZniV5j84lqkhauqzW0H,2025-03-03,1430,23.83
uZniV5j84lqkhauqzW0H,2025-03-04,1072,17.87
uZniV5j84lqkhauqzW0H,2025-03-05,1435,23.92
uZniV5j84lqkhauqzW0H,2025-03-06,1430,23.83
uZniV5j84lqkhauqzW0H,2025-03-07,1429,23.82
uZniV5j84lqkhauqzW0H,2025-03-08,1386,23.1
uZniV5j84lqkhauqzW0H,2025-03-09,1271,21.18
uZniV5j84lqkhauqzW0H,2025-03-10,903,15.05
uZniV5j84lqkhauqzW0H,2025-03-11,1430,23.83
uZniV5j84lqkhauqzW0H,2025-03-12,1425,23.75
uZniV5j84lqkhauqzW0H,2025-03-13,1410,23.5
uZniV5j84lqkhauqzW0H,2025-03-14,1389,23.15
uZniV5j84lqkhauqzW0H,2025-03-15,1310,21.83
uZniV5j84lqkhauqzW0H,2025-03-16,1435,23.92
uZniV5j84lqkhauqzW0H,2025-03-17,1379,22.98
uZniV5j84lqkhauqzW0H,2025-03-18,1416,23.6
uZniV5j84lqkhauqzW0H,2025-03-19,1435,23.92
uZniV5j84lqkhauqzW0H,2025-03-20,1143,19.05
uZniV5j84lqkhauqzW0H,2025-03-21,1432,23.87
uZniV5j84lqkhauqzW0H,2025-03-22,1433,23.88
uZniV5j84lqkhauqzW0H,2025-03-23,1429,23.82
uZniV5j84lqkhauqzW0H,2025-03-24,1401,23.35
uZniV5j84lqkhauqzW0H,2025-03-25,1260,21.0
uZniV5j84lqkhauqzW0H,2025-03-26,1428,23.8
uZniV5j84lqkhauqzW0H,2025-03-27,1427,23.78
uZniV5j84lqkhauqzW0H,2025-03-28,1435,23.92
uZniV5j84lqkhauqzW0H,2025-03-29,1386,23.1
uZniV5j84lqkhauqzW0H,2025-03-30,1373,22.88
uZniV5j84lqkhauqzW0H,2025-03-31,1423,23.72
uZniV5j84lqkhauqzW0H,2025-04-01,1077,17.95
uZniV5j84lqkhauqzW0H,2025-04-02,1303,21.72
uZniV5j84lqkhauqzW0H,2025-04-03,1348,22.47
uZniV5j84lqkhauqzW0H,2025-04-04,1429,23.82
uZniV5j84lqkhauqzW0H,2025-04-05,1434,23.9
uZniV5j84lqkhauqzW0H,2025-04-06,1428,23.8
uZniV5j84lqkhauqzW0H,2025-04-07,1366,22.77
uZniV5j84lqkhauqzW0H,2025-04-08,1375,22.92
uZniV5j84lqkhauqzW0H,2025-04-09,1436,23.93
uZniV5j84lqkhauqzW0H,2025-04-10,1430,23.83
uZniV5j84lqkhauqzW0H,2025-04-11,1241,20.68
uZniV5j84lqkhauqzW0H,2025-04-12,1436,23.93
uZniV5j84lqkhauqzW0H,2025-04-13,1435,23.92
uZniV5j84lqkhauqzW0H,2025-04-14,996,16.6
uZniV5j84lqkhauqzW0H,2025-04-15,1414,23.57
uZniV5j84lqkhauqzW0H,2025-04-16,1213,20.22
uZniV5j84lqkhauqzW0H,2025-04-17,1365,22.75
uZniV5j84lqkhauqzW0H,2025-04-18,1429,23.82
uZniV5j84lqkhauqzW0H,2025-04-19,1397,23.28
uZniV5j84lqkhauqzW0H,2025-04-20,1420,23.67
uZniV5j84lqkhauqzW0H,2025-04-21,1258,20.97
uZniV5j84lqkhauqzW0H,2025-04-22,878,14.63
uZniV5j84lqkhauqzW0H,2025-04-23,1429,23.82
uZniV5j84lqkhauqzW0H,2025-04-24,1411,23.52
uZniV5j84lqkhauqzW0H,2025-04-25,1409,23.48
uZniV5j84lqkhauqzW0H,2025-04-26,1428,23.8
uZniV5j84lqkhauqzW0H,2025-04-27,1375,22.92
uZniV5j84lqkhauqzW0H,2025-04-28,1434,23.9
uZniV5j84lqkhauqzW0H,2025-04-29,1409,23.48
uZniV5j84lqkhauqzW0H,2025-04-30,1416,23.6
vVQnOm7RwTNWbpMB7IgN,2025-02-26,1362,22.7
vVQnOm7RwTNWbpMB7IgN,2025-02-27,1436,23.93
vVQnOm7RwTNWbpMB7IgN,2025-02-28,1440,24.0
vVQnOm7RwTNWbpMB7IgN,2025-03-01,1429,23.82
vVQnOm7RwTNWbpMB7IgN,2025-03-02,1139,18.98
vVQnOm7RwTNWbpMB7IgN,2025-03-03,941,15.68
vVQnOm7RwTNWbpMB7IgN,2025-03-04,1404,23.4
vVQnOm7RwTNWbpMB7IgN,2025-03-05,1274,21.23
vVQnOm7RwTNWbpMB7IgN,2025-03-06,1435,23.92
vVQnOm7RwTNWbpMB7IgN,2025-03-07,591,9.85
vVQnOm7RwTNWbpMB7IgN,2025-03-08,1437,23.95
vVQnOm7RwTNWbpMB7IgN,2025-03-09,1379,22.98
vVQnOm7RwTNWbpMB7IgN,2025-03-10,1439,23.98
vVQnOm7RwTNWbpMB7IgN,2025-03-11,1180,19.67
vVQnOm7RwTNWbpMB7IgN,2025-03-12,1440,24.0
vVQnOm7RwTNWbpMB7IgN,2025-03-13,1417,23.62
vVQnOm7RwTNWbpMB7IgN,2025-03-14,887,14.78
vVQnOm7RwTNWbpMB7IgN,2025-03-15,1289,21.48
vVQnOm7RwTNWbpMB7IgN,2025-03-16,1424,23.73
vVQnOm7RwTNWbpMB7IgN,2025-03-17,1402,23.37
vVQnOm7RwTNWbpMB7IgN,2025-03-18,1025,17.08
vVQnOm7RwTNWbpMB7IgN,2025-03-19,1219,20.32
vVQnOm7RwTNWbpMB7IgN,2025-03-20,1336,22.27
vVQnOm7RwTNWbpMB7IgN,2025-03-21,1412,23.53
vVQnOm7RwTNWbpMB7IgN,2025-03-22,1440,24.0
vVQnOm7RwTNWbpMB7IgN,2025-03-23,1217,20.28
vVQnOm7RwTNWbpMB7IgN,2025-03-24,1440,24.0
vVQnOm7RwTNWbpMB7IgN,2025-03-25,1126,18.77
vVQnOm7RwTNWbpMB7IgN,2025-03-26,1418,23.63
vVQnOm7RwTNWbpMB7IgN,2025-03-27,1417,23.62
vVQnOm7RwTNWbpMB7IgN,2025-03-28,1440,24.0
vVQnOm7RwTNWbpMB7IgN,2025-03-29,1252,20.87
vVQnOm7RwTNWbpMB7IgN,2025-03-30,1284,21.4
vVQnOm7RwTNWbpMB7IgN,2025-03-31,1426,23.77
vVQnOm7RwTNWbpMB7IgN,2025-04-01,1436,23.93
vVQnOm7RwTNWbpMB7IgN,2025-04-02,1238,20.63
vVQnOm7RwTNWbpMB7IgN,2025-04-03,1437,23.95
vVQnOm7RwTNWbpMB7IgN,2025-04-04,1356,22.6
vVQnOm7RwTNWbpMB7IgN,2025-04-05,1364,22.73
vVQnOm7RwTNWbpMB7IgN,2025-04-06,1418,23.63
vVQnOm7RwTNWbpMB7IgN,2025-04-07,1439,23.98
vVQnOm7RwTNWbpMB7IgN,2025-04-08,1275,21.25
vVQnOm7RwTNWbpMB7IgN,2025-04-09,939,15.65
vVQnOm7RwTNWbpMB7IgN,2025-04-10,1275,21.25
vVQnOm7RwTNWbpMB7IgN,2025-04-11,1350,22.5
vVQnOm7RwTNWbpMB7IgN,2025-04-12,1440,24.0
vVQnOm7RwTNWbpMB7IgN,2025-04-13,1440,24.0
vVQnOm7RwTNWbpMB7IgN,2025-04-14,1387,23.12
vVQnOm7RwTNWbpMB7IgN,2025-04-15,1118,18.63
vVQnOm7RwTNWbpMB7IgN,2025-04-16,1046,17.43
vVQnOm7RwTNWbpMB7IgN,2025-04-17,1298,21.63
vVQnOm7RwTNWbpMB7IgN,2025-04-18,1186,19.77
vVQnOm7RwTNWbpMB7IgN,2025-04-19,1440,24.0
vVQnOm7RwTNWbpMB7IgN,2025-04-20,1426,23.77
vVQnOm7RwTNWbpMB7IgN,2025-04-21,1402,23.37
vVQnOm7RwTNWbpMB7IgN,2025-04-22,1237,20.62
vVQnOm7RwTNWbpMB7IgN,2025-04-23,1427,23.78
vVQnOm7RwTNWbpMB7IgN,2025-04-24,1239,20.65
vVQnOm7RwTNWbpMB7IgN,2025-04-25,1231,20.52
vVQnOm7RwTNWbpMB7IgN,2025-04-26,1396,23.27
vVQnOm7RwTNWbpMB7IgN,2025-04-27,1440,24.0
vVQnOm7RwTNWbpMB7IgN,2025-04-28,1273,21.22
vVQnOm7RwTNWbpMB7IgN,2025-04-29,1424,23.73
vVQnOm7RwTNWbpMB7IgN,2025-04-30,1439,23.98
xmUwv4ktqWcxfGu9kjwC,2025-02-26,1265,21.08
xmUwv4ktqWcxfGu9kjwC,2025-02-27,1435,23.92
xmUwv4ktqWcxfGu9kjwC,2025-02-28,1355,22.58
xmUwv4ktqWcxfGu9kjwC,2025-03-01,1363,22.72
xmUwv4ktqWcxfGu9kjwC,2025-03-02,673,11.22
xmUwv4ktqWcxfGu9kjwC,2025-03-03,1337,22.28
xmUwv4ktqWcxfGu9kjwC,2025-03-04,1354,22.57
xmUwv4ktqWcxfGu9kjwC,2025-03-05,1440,24.0
xmUwv4ktqWcxfGu9kjwC,2025-03-06,1327,22.12
xmUwv4ktqWcxfGu9kjwC,2025-03-07,1199,19.98
xmUwv4ktqWcxfGu9kjwC,2025-03-08,1440,24.0
xmUwv4ktqWcxfGu9kjwC,2025-03-09,1440,24.0
xmUwv4ktqWcxfGu9kjwC,2025-03-10,1440,24.0
xmUwv4ktqWcxfGu9kjwC,2025-03-11,666,11.1
xmUwv4ktqWcxfGu9kjwC,2025-03-12,781,13.02
xmUwv4ktqWcxfGu9kjwC,2025-03-13,1309,21.82
xmUwv4ktqWcxfGu9kjwC,2025-03-14,1436,23.93
xmUwv4ktqWcxfGu9kjwC,2025-03-15,1440,24.0
xmUwv4ktqWcxfGu9kjwC,2025-03-16,1440,24.0
xmUwv4ktqWcxfGu9kjwC,2025-03-17,680,11.33
xmUwv4ktqWcxfGu9kjwC,2025-03-18,1383,23.05
xmUwv4ktqWcxfGu9kjwC,2025-03-19,1295,21.58
xmUwv4ktqWcxfGu9kjwC,2025-03-20,1233,20.55
xmUwv4ktqWcxfGu9kjwC,2025-03-21,1387,23.12
xmUwv4ktqWcxfGu9kjwC,2025-03-22,1357,22.62
xmUwv4ktqWcxfGu9kjwC,2025-03-23,1089,18.15
xmUwv4ktqWcxfGu9kjwC,2025-03-24,1254,20.9
xmUwv4ktqWcxfGu9kjwC,2025-03-25,1431,23.85
xmUwv4ktqWcxfGu9kjwC,2025-03-26,1252,20.87
xmUwv4ktqWcxfGu9kjwC,2025-03-27,771,12.85
xmUwv4ktqWcxfGu9kjwC,2025-03-28,1440,24.0
xmUwv4ktqWcxfGu9kjwC,2025-03-29,1366,22.77
xmUwv4ktqWcxfGu9kjwC,2025-03-30,1371,22.85
xmUwv4ktqWcxfGu9kjwC,2025-03-31,1075,17.92
xmUwv4ktqWcxfGu9kjwC,2025-04-01,532,8.87
xmUwv4ktqWcxfGu9kjwC,2025-04-02,1357,22.62
xmUwv4ktqWcxfGu9kjwC,2025-04-03,1414,23.57
xmUwv4ktqWcxfGu9kjwC,2025-04-04,863,14.38
xmUwv4ktqWcxfGu9kjwC,2025-04-05,1440,24.0
xmUwv4ktqWcxfGu9kjwC,2025-04-06,588,9.8
xmUwv4ktqWcxfGu9kjwC,2025-04-07,1404,23.4
xmUwv4ktqWcxfGu9kjwC,2025-04-08,1360,22.67
xmUwv4ktqWcxfGu9kjwC,2025-04-09,1225,20.42
xmUwv4ktqWcxfGu9kjwC,2025-04-10,883,14.72
xmUwv4ktqWcxfGu9kjwC,2025-04-11,1018,16.97
xmUwv4ktqWcxfGu9kjwC,2025-04-12,693,11.55
xmUwv4ktqWcxfGu9kjwC,2025-04-13,1420,23.67
xmUwv4ktqWcxfGu9kjwC,2025-04-14,1440,24.0
xmUwv4ktqWcxfGu9kjwC,2025-04-15,816,13.6
xmUwv4ktqWcxfGu9kjwC,2025-04-16,1440,24.0
xmUwv4ktqWcxfGu9kjwC,2025-04-17,1066,17.77
xmUwv4ktqWcxfGu9kjwC,2025-04-18,1282,21.37
xmUwv4ktqWcxfGu9kjwC,2025-04-19,1148,19.13
xmUwv4ktqWcxfGu9kjwC,2025-04-20,1306,21.77
xmUwv4ktqWcxfGu9kjwC,2025-04-21,1394,23.23
xmUwv4ktqWcxfGu9kjwC,2025-04-22,1125,18.75
xmUwv4ktqWcxfGu9kjwC,2025-04-23,1440,24.0
xmUwv4ktqWcxfGu9kjwC,2025-04-24,559,9.32
xmUwv4ktqWcxfGu9kjwC,2025-04-25,583,9.72
xmUwv4ktqWcxfGu9kjwC,2025-04-26,1440,24.0
xmUwv4ktqWcxfGu9kjwC,2025-04-27,717,11.95
xmUwv4ktqWcxfGu9kjwC,2025-04-28,1440,24.0
xmUwv4ktqWcxfGu9kjwC,2025-04-29,639,10.65
xmUwv4ktqWcxfGu9kjwC,2025-04-30,1306,21.77
yzEyOooxIdiVzKFPNnMM,2025-02-26,1115,18.58
yzEyOooxIdiVzKFPNnMM,2025-02-27,1233,20.55
yzEyOooxIdiVzKFPNnMM,2025-02-28,1437,23.95
yzEyOooxIdiVzKFPNnMM,2025-03-01,1400,23.33
yzEyOooxIdiVzKFPNnMM,2025-03-02,1440,24.0
yzEyOooxIdiVzKFPNnMM,2025-03-03,1440,24.0
yzEyOooxIdiVzKFPNnMM,2025-03-04,1440,24.0
yzEyOooxIdiVzKFPNnMM,2025-03-05,1440,24.0
yzEyOooxIdiVzKFPNnMM,2025-03-06,1440,24.0
yzEyOooxIdiVzKFPNnMM,2025-03-07,1254,20.9
yzEyOooxIdiVzKFPNnMM,2025-03-08,1440,24.0
yzEyOooxIdiVzKFPNnMM,2025-03-09,1440,24.0
yzEyOooxIdiVzKFPNnMM,2025-03-10,1439,23.98
yzEyOooxIdiVzKFPNnMM,2025-03-11,1432,23.87
yzEyOooxIdiVzKFPNnMM,2025-03-12,1434,23.9
yzEyOooxIdiVzKFPNnMM,2025-03-13,1440,24.0
yzEyOooxIdiVzKFPNnMM,2025-03-14,1062,17.7
yzEyOooxIdiVzKFPNnMM,2025-03-15,1440,24.0
yzEyOooxIdiVzKFPNnMM,2025-03-16,1440,24.0
yzEyOooxIdiVzKFPNnMM,2025-03-17,1440,24.0
yzEyOooxIdiVzKFPNnMM,2025-03-18,1440,24.0
yzEyOooxIdiVzKFPNnMM,2025-03-19,1440,24.0
yzEyOooxIdiVzKFPNnMM,2025-03-20,1440,24.0
yzEyOooxIdiVzKFPNnMM,2025-03-21,1440,24.0
yzEyOooxIdiVzKFPNnMM,2025-03-22,1249,20.82
yzEyOooxIdiVzKFPNnMM,2025-03-23,933,15.55
yzEyOooxIdiVzKFPNnMM,2025-03-24,1373,22.88
yzEyOooxIdiVzKFPNnMM,2025-03-25,1120,18.67
yzEyOooxIdiVzKFPNnMM,2025-03-26,1177,19.62
yzEyOooxIdiVzKFPNnMM,2025-03-27,1231,20.52
yzEyOooxIdiVzKFPNnMM,2025-03-28,1440,24.0
yzEyOooxIdiVzKFPNnMM,2025-03-29,1432,23.87
yzEyOooxIdiVzKFPNnMM,2025-03-30,1380,23.0
yzEyOooxIdiVzKFPNnMM,2025-03-31,1035,17.25
yzEyOooxIdiVzKFPNnMM,2025-04-02,990,16.5
yzEyOooxIdiVzKFPNnMM,2025-04-03,1440,24.0
yzEyOooxIdiVzKFPNnMM,2025-04-04,1440,24.0
yzEyOooxIdiVzKFPNnMM,2025-04-05,1440,24.0
yzEyOooxIdiVzKFPNnMM,2025-04-06,1440,24.0
yzEyOooxIdiVzKFPNnMM,2025-04-07,1440,24.0
yzEyOooxIdiVzKFPNnMM,2025-04-08,1440,24.0
yzEyOooxIdiVzKFPNnMM,2025-04-09,1098,18.3
yzEyOooxIdiVzKFPNnMM,2025-04-11,524,8.73
yzEyOooxIdiVzKFPNnMM,2025-04-12,1440,24.0
yzEyOooxIdiVzKFPNnMM,2025-04-13,1440,24.0
yzEyOooxIdiVzKFPNnMM,2025-04-14,1440,24.0
yzEyOooxIdiVzKFPNnMM,2025-04-15,1433,23.88
yzEyOooxIdiVzKFPNnMM,2025-04-16,1440,24.0
yzEyOooxIdiVzKFPNnMM,2025-04-17,1440,24.0
yzEyOooxIdiVzKFPNnMM,2025-04-18,1440,24.0
yzEyOooxIdiVzKFPNnMM,2025-04-19,1440,24.0
yzEyOooxIdiVzKFPNnMM,2025-04-20,1020,17.0
yzEyOooxIdiVzKFPNnMM,2025-04-21,1440,24.0
yzEyOooxIdiVzKFPNnMM,2025-04-22,1440,24.0
yzEyOooxIdiVzKFPNnMM,2025-04-23,1440,24.0
yzEyOooxIdiVzKFPNnMM,2025-04-24,1440,24.0
yzEyOooxIdiVzKFPNnMM,2025-04-25,1440,24.0
yzEyOooxIdiVzKFPNnMM,2025-04-26,1440,24.0
yzEyOooxIdiVzKFPNnMM,2025-04-27,1440,24.0
yzEyOooxIdiVzKFPNnMM,2025-04-28,1440,24.0
yzEyOooxIdiVzKFPNnMM,2025-04-29,1440,24.0
yzEyOooxIdiVzKFPNnMM,2025-04-30,965,16.08
